employee_id,department,role,job_level,hire_date,exit_date,tenure_months,annual_salary_lpa,compa_ratio,performance_rating,avg_weekly_hours,overtime_hours_month,attrited
EMP00001,Marketing,Content Specialist,1,2023-12-24,,33.2,4.0,0.999,5.0,38.8,0.0,0
EMP00002,Sales,Account Manager,3,2025-10-03,,11.9,11.41,0.951,3.0,39.3,0.0,0
EMP00003,Finance,Payroll Specialist,3,2016-09-20,,120.3,13.14,1.095,1.0,50.4,38.7,0
EMP00004,Operations,Process Specialist,2,2019-06-27,,87.1,6.33,0.905,2.0,45.3,23.6,0
EMP00005,Engineering,DevOps Engineer,2,2018-10-27,2023-02-12,51.5,7.91,1.13,1.0,47.0,29.7,1
EMP00006,Product,Product Manager,3,2025-05-01,2025-09-06,4.2,13.56,1.13,3.0,41.5,5.9,1
EMP00007,Marketing,Digital Marketer,3,2026-07-31,,2.0,13.81,1.151,4.0,44.2,15.1,0
EMP00008,Marketing,Digital Marketer,4,2025-10-19,,11.4,20.9,1.045,3.0,38.6,0.7,0
EMP00009,Engineering,QA Engineer,2,2024-03-29,2024-04-05,0.2,6.59,0.942,4.0,46.7,22.9,1
EMP00010,Sales,Sales Executive,3,2018-02-13,2023-06-04,63.6,12.16,1.013,1.0,39.7,0.0,1
EMP00011,Sales,Sales Executive,2,2024-01-17,,32.4,7.32,1.046,3.0,43.4,13.4,0
EMP00012,HR,HR Generalist,2,2025-08-03,2026-05-22,9.6,6.53,0.933,4.0,40.1,0.0,1
EMP00013,Operations,Logistics Coordinator,4,2025-05-28,,16.1,23.2,1.16,3.0,32.0,0.0,0
EMP00014,Marketing,Content Specialist,2,2018-09-02,2026-08-21,95.6,7.49,1.07,4.0,41.4,7.5,1
EMP00015,Sales,Business Development Rep,2,2016-06-30,2024-02-21,91.7,6.25,0.893,3.0,41.0,4.1,1
EMP00016,Engineering,Software Engineer,2,2023-04-04,,41.9,8.58,1.226,3.0,44.1,17.9,0
EMP00017,Customer Support,Team Lead - Support,2,2022-04-12,2024-01-24,21.4,7.08,1.012,3.0,45.0,21.4,1
EMP00018,Engineering,DevOps Engineer,2,2025-06-24,2025-12-28,6.1,6.08,0.869,2.0,53.0,58.3,1
EMP00019,Marketing,Marketing Executive,3,2024-03-06,,30.8,10.8,0.9,4.0,44.4,18.4,0
EMP00020,Customer Support,Support Specialist,2,2024-02-09,2026-08-04,29.8,8.25,1.179,3.0,46.5,24.0,1
EMP00021,Operations,Operations Analyst,1,2024-05-20,,28.4,4.88,1.219,2.0,45.2,21.4,0
EMP00022,Sales,Business Development Rep,4,2016-02-08,,127.7,22.42,1.121,4.0,48.9,27.7,0
EMP00023,Product,UX Designer,2,2017-08-01,2024-07-02,83.0,8.11,1.158,4.0,45.0,19.9,1
EMP00024,Finance,Payroll Specialist,4,2024-04-26,,29.1,22.92,1.146,4.0,44.3,20.5,0
EMP00025,Marketing,Content Specialist,1,2025-03-12,,18.6,4.27,1.067,4.0,46.2,26.6,0
EMP00026,Engineering,QA Engineer,2,2024-01-08,,32.7,7.28,1.039,3.0,34.1,0.0,0
EMP00027,Sales,Sales Executive,2,2018-03-07,,102.8,7.45,1.065,,54.4,59.5,0
EMP00028,Engineering,Data Engineer,3,2017-08-05,,109.8,13.06,1.088,5.0,52.2,52.1,0
EMP00029,Engineering,Software Engineer,1,2016-02-22,,127.2,3.64,0.911,3.0,46.0,28.3,0
EMP00030,Operations,Operations Analyst,4,2021-01-02,,68.9,21.76,1.088,3.0,36.6,0.0,0
EMP00031,Operations,Operations Analyst,2,2026-05-03,,4.9,8.23,1.175,4.0,48.4,32.7,0
EMP00032,HR,Recruiter,2,2023-10-20,2023-12-13,1.8,6.83,0.975,2.0,39.9,0.0,1
EMP00033,Sales,Sales Executive,2,2025-08-28,,13.1,6.74,0.962,5.0,47.4,32.5,0
EMP00034,Sales,Sales Executive,1,2022-12-11,2023-10-13,10.1,4.23,1.057,3.0,39.2,0.0,1
EMP00035,Sales,Account Manager,2,2024-01-25,2024-05-29,4.1,6.45,0.922,4.0,55.0,60.5,1
EMP00036,Engineering,Data Engineer,1,2018-03-31,,102.0,3.37,0.842,3.0,38.5,0.0,0
EMP00037,Engineering,DevOps Engineer,2,2019-08-19,,85.4,7.96,1.138,3.0,45.3,24.1,0
EMP00038,Sales,Business Development Rep,3,2019-03-29,2024-02-14,58.6,11.35,0.946,4.0,35.5,0.0,1
EMP00039,Engineering,Data Engineer,2,2024-04-08,,29.7,7.02,1.002,2.0,44.8,19.1,0
EMP00040,Operations,Process Specialist,1,2025-02-19,,19.3,3.71,0.927,3.0,41.1,4.2,0
EMP00041,Sales,Account Manager,1,2018-07-28,2026-02-28,91.1,4.61,1.153,5.0,50.1,41.7,1
EMP00042,Marketing,Digital Marketer,1,2023-04-24,,41.2,4.41,1.102,5.0,41.1,1.0,0
EMP00043,Operations,Process Specialist,1,2019-10-22,,83.3,3.88,0.971,5.0,48.1,34.1,0
EMP00044,Sales,Business Development Rep,2,2023-01-24,2023-09-17,7.8,6.01,0.858,3.0,40.4,0.0,1
EMP00045,Marketing,Content Specialist,1,2025-08-19,,13.4,3.83,0.958,3.0,41.7,4.7,0
EMP00046,Marketing,Marketing Executive,4,2025-11-12,,10.6,21.37,1.068,,41.8,9.9,0
EMP00047,Sales,Account Manager,1,2023-02-21,,43.3,4.09,1.023,3.0,47.2,25.8,0
EMP00048,Sales,Business Development Rep,1,2019-08-26,,85.2,4.05,1.013,3.0,46.7,29.5,0
EMP00049,Operations,Process Specialist,4,2024-07-09,2025-02-18,7.4,20.51,1.025,1.0,46.3,25.5,1
EMP00050,Engineering,DevOps Engineer,1,2025-11-13,,10.5,4.36,1.091,2.0,46.2,19.9,0
EMP00051,Engineering,Software Engineer,2,2023-10-22,,35.3,6.96,0.995,3.0,48.0,36.1,0
EMP00052,Engineering,QA Engineer,4,2023-08-06,,37.8,21.08,1.054,3.0,41.0,4.9,0
EMP00053,Marketing,Digital Marketer,4,2018-11-22,,94.3,17.63,0.882,3.0,44.7,20.0,0
EMP00054,Operations,Logistics Coordinator,3,2024-06-29,,27.0,15.68,1.306,2.0,50.2,43.8,0
EMP00055,Operations,Logistics Coordinator,1,2016-02-20,,127.3,3.86,0.966,4.0,35.4,0.0,0
EMP00056,Marketing,Content Specialist,2,2021-06-20,2025-09-01,50.4,7.17,1.024,5.0,45.2,21.4,1
EMP00057,Sales,Sales Executive,5,2018-06-25,,99.2,34.18,1.068,3.0,48.0,33.9,0
EMP00058,Customer Support,Support Agent,4,2016-11-21,,118.3,19.01,0.951,5.0,51.6,47.5,0
EMP00059,Engineering,DevOps Engineer,1,2025-07-24,,14.2,4.0,1.001,4.0,48.3,32.2,0
EMP00060,Engineering,Software Engineer,2,2018-12-03,,93.9,7.0,0.999,3.0,45.5,17.2,0
EMP00061,Operations,Process Specialist,2,2020-07-09,,74.7,6.23,0.89,2.0,44.9,20.2,0
EMP00062,Sales,Sales Executive,1,2025-05-24,,16.2,4.21,1.053,3.0,41.7,10.9,0
EMP00063,Customer Support,Support Specialist,3,2019-04-10,2024-06-25,62.5,9.63,0.802,2.0,43.3,14.9,1
EMP00064,Marketing,Content Specialist,1,2023-07-07,,38.8,4.84,1.21,3.0,37.0,0.0,0
EMP00065,Customer Support,Team Lead - Support,2,2024-03-12,,30.6,7.67,1.095,3.0,51.7,50.1,0
EMP00066,Customer Support,Team Lead - Support,1,2016-07-16,2025-12-02,112.6,4.31,1.077,4.0,47.0,27.1,1
EMP00067,Customer Support,Support Specialist,2,2024-01-20,2024-09-07,7.6,5.54,0.792,3.0,40.9,0.0,1
EMP00068,Sales,Account Manager,1,2020-10-13,,71.6,3.62,0.905,3.0,46.2,27.9,0
EMP00069,Engineering,DevOps Engineer,2,2021-05-31,2023-07-25,25.8,8.17,1.167,5.0,50.2,38.0,1
EMP00070,Sales,Account Manager,1,2017-10-30,,107.0,5.8,1.45,5.0,49.5,43.3,0
EMP00071,Engineering,Software Engineer,4,2023-08-14,,37.6,22.87,1.143,4.0,40.8,6.6,0
EMP00072,Sales,Account Manager,1,2023-01-26,2025-05-14,27.6,4.5,1.124,4.0,32.0,0.0,1
EMP00073,Finance,Accountant,2,2022-04-05,,53.8,7.44,1.063,5.0,44.8,20.6,0
EMP00074,Engineering,QA Engineer,1,2024-10-04,2026-01-28,15.8,3.59,0.898,3.0,41.0,11.3,1
EMP00075,Engineering,DevOps Engineer,1,2024-02-18,,31.4,4.48,1.119,4.0,47.8,34.2,0
EMP00076,Sales,Sales Executive,1,2025-11-17,2026-03-01,3.4,3.47,0.868,2.0,49.3,37.9,1
EMP00077,Sales,Sales Executive,1,2023-12-03,,33.9,3.42,0.855,3.0,50.0,48.7,0
EMP00078,Operations,Process Specialist,1,2024-08-03,,25.9,3.39,0.847,,50.9,44.0,0
EMP00079,Customer Support,Support Specialist,2,2025-07-07,2026-01-31,6.8,7.82,1.117,1.0,50.6,44.1,1
EMP00080,Marketing,Marketing Executive,3,2017-12-23,,105.2,11.92,0.993,2.0,50.9,40.8,0
EMP00081,Operations,Process Specialist,1,2018-08-18,,97.4,4.05,1.012,1.0,49.2,31.8,0
EMP00082,Sales,Business Development Rep,2,2025-05-23,,16.3,6.99,0.998,3.0,51.6,45.5,0
EMP00083,Marketing,Digital Marketer,2,2023-05-28,2023-12-28,7.0,6.05,0.865,2.0,42.8,11.3,1
EMP00084,Engineering,Data Engineer,1,2023-08-24,2024-06-23,10.0,3.68,0.92,3.0,39.2,0.0,1
EMP00085,Engineering,Data Engineer,2,2025-07-16,,14.5,6.48,0.926,4.0,56.2,60.5,0
EMP00086,Engineering,DevOps Engineer,1,2023-02-14,2026-03-26,37.3,3.33,0.831,3.0,45.3,23.2,1
EMP00087,Operations,Operations Analyst,1,2023-06-28,,39.1,3.76,0.939,,48.5,31.5,0
EMP00088,Sales,Business Development Rep,2,2016-10-02,2023-05-05,79.0,6.09,0.87,1.0,42.5,11.8,1
EMP00089,Engineering,QA Engineer,5,2025-01-07,,20.7,34.22,1.069,4.0,49.3,40.0,0
EMP00090,Customer Support,Support Agent,5,2026-04-13,,5.6,34.54,1.079,2.0,34.0,0.0,0
EMP00091,Engineering,Data Engineer,5,2016-05-18,2023-07-21,86.1,27.03,0.845,3.0,43.2,9.9,1
EMP00092,Operations,Process Specialist,2,2016-07-20,,122.3,6.75,0.964,3.0,42.6,15.0,0
EMP00093,Sales,Account Manager,1,2021-12-19,,57.4,4.89,1.223,5.0,47.1,31.0,0
EMP00094,Sales,Business Development Rep,2,2023-09-11,2024-10-11,13.0,6.18,0.882,5.0,49.8,39.7,1
EMP00095,Sales,Business Development Rep,1,2026-01-30,2026-09-21,7.7,4.2,1.051,4.0,40.1,4.8,1
EMP00096,Customer Support,Team Lead - Support,1,2019-02-20,,91.3,4.05,1.013,4.0,48.0,32.2,0
EMP00097,Sales,Sales Executive,1,2018-07-24,,98.2,4.52,1.131,3.0,50.5,40.1,0
EMP00098,Engineering,DevOps Engineer,2,2016-11-24,2023-07-27,80.0,7.25,1.035,,55.6,59.4,1
EMP00099,Engineering,Software Engineer,2,2023-08-15,2024-02-22,6.3,6.64,0.948,2.0,48.2,32.5,1
EMP00100,HR,HR Business Partner,1,2025-11-15,,10.5,4.03,1.008,3.0,40.9,5.9,0
EMP00101,Finance,Accountant,3,2016-11-01,,118.9,12.12,1.01,5.0,37.3,0.0,0
EMP00102,Operations,Process Specialist,2,2024-07-24,,26.2,6.92,0.989,5.0,51.2,44.9,0
EMP00103,Engineering,Software Engineer,4,2017-09-14,2023-01-20,64.2,16.83,0.842,3.0,48.3,36.8,1
EMP00104,HR,Recruiter,1,2017-06-24,2025-10-30,100.2,4.6,1.149,3.0,42.9,11.0,1
EMP00105,Marketing,Marketing Executive,2,2020-08-27,2023-01-06,28.3,7.9,1.128,3.0,35.7,0.0,1
EMP00106,Operations,Process Specialist,1,2026-07-04,2026-09-05,2.1,3.5,0.875,3.0,38.8,0.0,1
EMP00107,Sales,Account Manager,2,2023-06-18,2025-01-18,19.1,6.75,0.964,3.0,47.8,29.7,1
EMP00108,Engineering,DevOps Engineer,1,2026-05-23,,4.3,3.89,0.973,3.0,46.6,22.6,0
EMP00109,Engineering,Software Engineer,1,2023-11-29,2025-03-01,15.0,3.44,0.861,2.0,36.2,0.0,1
EMP00110,Finance,Financial Analyst,2,2024-09-25,2026-03-27,18.0,5.43,0.776,2.0,45.8,24.5,1
EMP00111,Sales,Business Development Rep,1,2023-01-22,,44.3,3.68,0.92,3.0,37.9,0.0,0
EMP00112,Engineering,Data Engineer,1,2023-08-03,,37.9,3.83,0.957,4.0,51.1,49.6,0
EMP00113,Sales,Sales Executive,4,2017-05-16,2025-10-09,100.8,16.54,0.827,3.0,45.9,19.7,1
EMP00114,Customer Support,Support Specialist,1,2020-10-28,2024-02-23,39.9,4.08,1.021,3.0,42.9,11.2,1
EMP00115,Engineering,QA Engineer,2,2021-01-13,,68.5,7.98,1.14,3.0,49.5,44.0,0
EMP00116,Finance,Financial Analyst,2,2023-11-22,,34.3,7.71,1.101,4.0,44.6,18.0,0
EMP00117,Operations,Logistics Coordinator,1,2025-12-30,,9.0,3.94,0.985,3.0,49.0,43.3,0
EMP00118,Operations,Operations Analyst,2,2021-08-22,,61.3,5.45,0.779,4.0,43.4,16.0,0
EMP00119,Sales,Business Development Rep,1,2026-01-26,,8.1,4.34,1.086,,45.6,26.3,0
EMP00120,Customer Support,Support Agent,3,2022-05-17,2023-10-01,16.5,12.21,1.018,3.0,43.7,18.8,1
EMP00121,Customer Support,Support Agent,1,2020-09-02,,72.9,4.2,1.051,3.0,46.2,24.8,0
EMP00122,Operations,Process Specialist,1,2025-12-06,,9.8,4.93,1.232,5.0,50.6,40.9,0
EMP00123,Engineering,DevOps Engineer,2,2023-05-12,,40.6,6.31,0.901,5.0,42.7,10.5,0
EMP00124,Sales,Account Manager,4,2023-08-28,,37.1,13.1,0.655,4.0,47.9,28.6,0
EMP00125,Engineering,Data Engineer,3,2022-02-18,2025-01-24,35.2,10.48,0.874,4.0,41.0,3.8,1
EMP00126,Customer Support,Support Specialist,4,2024-02-19,2025-05-08,14.6,21.17,1.058,2.0,,0.0,1
EMP00127,Sales,Account Manager,3,2022-08-19,,49.4,12.04,1.003,3.0,45.9,28.7,0
EMP00128,Engineering,Software Engineer,3,2026-05-22,,4.3,10.25,0.854,2.0,46.7,28.6,0
EMP00129,Engineering,Software Engineer,2,2023-09-21,2026-08-09,34.6,5.81,0.83,3.0,44.5,25.1,1
EMP00130,Customer Support,Support Specialist,4,2025-07-31,,14.0,19.15,0.957,3.0,38.3,0.0,0
EMP00131,Engineering,DevOps Engineer,2,2019-02-20,2024-09-04,66.5,5.95,0.85,4.0,46.4,21.9,1
EMP00132,HR,HR Business Partner,2,2026-05-26,,4.2,7.44,1.062,4.0,44.2,15.7,0
EMP00133,Customer Support,Support Specialist,3,2016-05-03,,124.9,11.41,0.951,4.0,41.0,8.5,0
EMP00134,Sales,Business Development Rep,2,2023-02-11,2025-02-27,24.5,6.47,0.925,3.0,38.9,0.0,1
EMP00135,Customer Support,Support Specialist,1,2023-08-03,2024-01-20,5.6,3.64,0.909,5.0,43.9,11.2,1
EMP00136,Engineering,Software Engineer,2,2022-11-17,,46.4,7.22,1.032,4.0,47.9,30.9,0
EMP00137,HR,HR Business Partner,2,2018-11-08,,94.7,7.04,1.005,4.0,44.9,16.0,0
EMP00138,Customer Support,Support Specialist,4,2026-05-15,,4.5,20.48,1.024,3.0,41.0,0.0,0
EMP00139,Marketing,Content Specialist,2,2019-10-25,,83.2,7.15,1.022,3.0,43.6,20.4,0
EMP00140,Engineering,QA Engineer,3,2020-08-14,,73.5,11.9,0.991,4.0,49.0,34.9,0
EMP00141,Customer Support,Support Agent,2,2018-06-07,2025-02-20,80.5,6.13,0.876,5.0,39.7,0.0,1
EMP00142,Customer Support,Support Specialist,3,2022-08-30,2023-02-19,5.7,10.95,0.912,1.0,45.3,20.9,1
EMP00143,HR,Recruiter,1,2018-02-11,2024-05-07,74.8,3.81,0.953,3.0,49.0,35.2,1
EMP00144,Customer Support,Support Specialist,4,2020-09-23,,72.2,24.96,1.248,3.0,39.3,0.0,0
EMP00145,Sales,Sales Executive,2,2026-01-06,2026-05-22,4.5,5.87,0.838,3.0,50.2,39.9,1
EMP00146,Engineering,QA Engineer,1,2024-01-29,,32.0,3.8,0.95,4.0,52.3,50.2,0
EMP00147,Sales,Account Manager,1,2024-08-23,2026-06-26,22.1,4.05,1.012,1.0,44.0,20.3,1
EMP00148,Customer Support,Support Specialist,1,2024-03-25,,30.2,3.85,0.964,3.0,43.5,16.8,0
EMP00149,Sales,Sales Executive,2,2019-10-03,2023-06-24,44.7,7.9,1.129,4.0,49.6,34.7,1
EMP00150,Engineering,DevOps Engineer,3,2024-10-01,,24.0,11.56,0.963,3.0,44.2,19.8,0
EMP00151,Marketing,Marketing Executive,4,2026-02-07,2026-07-14,5.2,19.44,0.972,2.0,32.4,0.0,1
EMP00152,Finance,Financial Analyst,3,2025-12-19,,9.4,13.17,1.098,3.0,42.6,8.5,0
EMP00153,Engineering,Software Engineer,2,2023-12-28,,33.1,8.52,1.217,3.0,47.1,28.9,0
EMP00154,Customer Support,Support Specialist,2,2023-09-14,2024-03-03,5.6,8.18,1.169,5.0,,34.9,1
EMP00155,Engineering,Data Engineer,3,2017-11-24,2025-05-13,89.6,11.8,0.984,4.0,41.0,4.1,1
EMP00156,Operations,Process Specialist,4,2019-08-31,,85.0,19.88,0.994,5.0,41.8,8.6,0
EMP00157,Sales,Business Development Rep,1,2021-02-08,2023-07-03,28.7,4.02,1.006,2.0,49.4,35.0,1
EMP00158,Operations,Process Specialist,4,2023-12-03,2024-09-09,9.2,20.35,1.018,4.0,42.7,16.8,1
EMP00159,Operations,Operations Analyst,2,2026-01-27,2026-07-01,5.1,6.29,0.898,3.0,36.1,0.0,1
EMP00160,Marketing,Content Specialist,3,2022-01-08,2025-12-19,47.3,13.35,1.112,4.0,48.6,36.1,1
EMP00161,Engineering,DevOps Engineer,5,2016-01-14,2026-03-18,122.1,32.79,1.025,3.0,44.0,17.1,1
EMP00162,Finance,Payroll Specialist,3,2016-04-30,2023-01-22,80.8,11.94,0.995,3.0,47.9,33.5,1
EMP00163,Engineering,DevOps Engineer,1,2026-04-23,,5.3,3.39,0.847,1.0,38.7,0.0,0
EMP00164,Engineering,Data Engineer,2,2025-01-24,,20.2,7.05,1.007,4.0,44.5,21.5,0
EMP00165,Customer Support,Support Agent,1,2025-03-18,,18.4,3.09,0.773,4.0,47.3,28.9,0
EMP00166,Sales,Sales Executive,3,2019-07-04,2023-01-13,42.3,11.16,0.93,,44.6,14.8,1
EMP00167,Marketing,Marketing Executive,1,2021-06-23,,63.2,3.73,0.932,3.0,37.7,0.0,0
EMP00168,Marketing,Content Specialist,3,2023-03-12,,42.6,12.41,1.034,4.0,32.3,0.0,0
EMP00169,Sales,Account Manager,4,2018-09-16,,96.5,24.51,1.226,3.0,51.9,42.8,0
EMP00170,HR,HR Generalist,1,2023-12-09,2025-03-08,14.9,4.27,1.069,3.0,44.1,21.8,1
EMP00171,Sales,Business Development Rep,2,2025-04-15,,17.5,8.22,1.174,4.0,50.3,44.3,0
EMP00172,Customer Support,Team Lead - Support,3,2020-05-05,2024-11-20,54.5,12.93,1.077,3.0,,42.3,1
EMP00173,Engineering,QA Engineer,2,2020-08-20,,73.3,7.95,1.135,4.0,47.7,36.0,0
EMP00174,HR,HR Generalist,1,2019-04-12,,89.6,4.89,1.223,3.0,41.6,5.3,0
EMP00175,Engineering,DevOps Engineer,1,2025-12-30,,9.0,3.65,0.912,4.0,47.2,26.2,0
EMP00176,Engineering,DevOps Engineer,2,2026-07-10,,2.7,6.33,0.904,2.0,51.4,37.6,0
EMP00177,Sales,Sales Executive,3,2026-08-29,,1.1,12.96,1.08,5.0,45.4,20.4,0
EMP00178,Product,Product Analyst,2,2019-09-21,2025-10-19,72.9,7.0,1.0,3.0,51.6,51.7,1
EMP00179,Finance,Financial Analyst,1,2025-11-01,,10.9,4.11,1.026,4.0,36.3,0.0,0
EMP00180,Operations,Logistics Coordinator,2,2024-06-10,2024-12-24,6.5,6.79,0.97,4.0,35.8,0.0,1
EMP00181,Finance,Accountant,2,2025-07-24,2026-01-14,5.7,6.5,0.928,3.0,47.4,27.9,1
EMP00182,Finance,Payroll Specialist,1,2023-03-15,2023-11-17,8.1,4.78,1.194,3.0,39.3,0.0,1
EMP00183,Customer Support,Support Specialist,3,2020-04-18,2023-11-13,42.8,10.42,0.868,2.0,54.2,60.7,1
EMP00184,Sales,Account Manager,2,2016-12-29,,117.0,7.58,1.082,3.0,51.0,39.4,0
EMP00185,Marketing,Marketing Executive,2,2016-11-12,,118.6,7.44,1.063,3.0,50.1,36.4,0
EMP00186,Operations,Process Specialist,4,2023-10-27,2024-01-26,3.0,16.21,0.811,2.0,47.0,32.5,1
EMP00187,Sales,Sales Executive,2,2021-11-13,,58.5,6.3,0.9,2.0,40.9,5.8,0
EMP00188,Engineering,Data Engineer,2,2016-03-08,2023-02-09,83.1,6.44,0.92,5.0,37.5,0.0,1
EMP00189,Operations,Logistics Coordinator,1,2025-01-08,2026-07-25,18.5,4.27,1.068,3.0,49.7,43.9,1
EMP00190,Engineering,Data Engineer,1,2024-06-28,2024-10-20,3.7,3.82,0.956,3.0,38.3,0.0,1
EMP00191,HR,HR Generalist,1,2024-11-12,2025-02-23,3.4,3.96,0.99,3.0,50.1,43.2,1
EMP00192,Engineering,Software Engineer,3,2018-11-24,2025-08-15,80.7,9.9,0.825,3.0,48.0,31.8,1
EMP00193,Engineering,Data Engineer,3,2020-01-16,,80.5,15.35,1.279,3.0,44.7,20.6,0
EMP00194,Marketing,Digital Marketer,1,2023-08-21,,37.3,4.03,1.009,4.0,45.0,12.8,0
EMP00195,Engineering,DevOps Engineer,1,2024-10-16,,23.5,4.24,1.06,3.0,47.1,27.6,0
EMP00196,Engineering,Software Engineer,2,2023-12-07,2024-01-04,0.9,6.55,0.935,1.0,44.1,18.6,1
EMP00197,Customer Support,Team Lead - Support,2,2016-11-01,2023-07-25,80.7,6.45,0.922,3.0,51.4,45.4,1
EMP00198,Finance,Financial Analyst,3,2023-07-10,,38.7,14.75,1.23,2.0,49.3,41.0,0
EMP00199,Engineering,Data Engineer,3,2025-03-27,,18.1,9.24,0.77,,45.7,26.5,0
EMP00200,Sales,Business Development Rep,4,2017-03-03,2023-04-07,73.1,20.67,1.033,2.0,,6.3,1
EMP00201,Marketing,Digital Marketer,1,2026-07-24,,2.2,3.42,0.855,3.0,48.9,38.1,0
EMP00202,Product,UX Designer,3,2021-10-25,2023-03-07,16.4,11.42,0.951,3.0,33.9,0.0,1
EMP00203,Customer Support,Team Lead - Support,2,2023-07-05,2023-12-03,5.0,6.46,0.923,2.0,47.0,28.2,1
EMP00204,Engineering,DevOps Engineer,2,2026-07-07,,2.8,6.17,0.882,3.0,48.3,35.2,0
EMP00205,Engineering,Software Engineer,4,2025-02-06,,19.7,20.09,1.004,3.0,41.3,2.7,0
EMP00206,Engineering,QA Engineer,1,2025-03-22,,18.3,2.77,0.692,5.0,49.4,40.0,0
EMP00207,Engineering,DevOps Engineer,3,2023-08-17,,37.5,11.55,0.962,2.0,44.9,18.1,0
EMP00208,Operations,Process Specialist,3,2023-09-09,,36.7,11.87,0.989,3.0,40.5,0.3,0
EMP00209,Engineering,DevOps Engineer,4,2018-09-26,,96.1,16.74,0.837,4.0,49.3,39.3,0
EMP00210,Customer Support,Team Lead - Support,2,2024-09-17,,24.4,8.27,1.182,2.0,40.1,0.0,0
EMP00211,Operations,Operations Analyst,2,2021-06-07,,63.8,6.5,0.929,3.0,46.9,24.9,0
EMP00212,Customer Support,Support Specialist,3,2017-10-07,2024-02-23,76.6,11.66,0.972,4.0,36.1,0.0,1
EMP00213,Engineering,DevOps Engineer,3,2017-03-10,2023-04-07,72.9,11.15,0.929,4.0,46.3,25.5,1
EMP00214,Marketing,Digital Marketer,2,2024-05-24,2026-08-05,26.4,6.93,0.99,5.0,43.2,8.4,1
EMP00215,Operations,Operations Analyst,3,2025-12-09,,9.7,13.88,1.157,4.0,40.6,5.0,0
EMP00216,Operations,Operations Analyst,1,2023-09-16,,36.5,5.19,1.297,3.0,44.8,18.0,0
EMP00217,Engineering,QA Engineer,2,2017-05-03,,112.9,7.63,1.089,5.0,44.6,14.2,0
EMP00218,Engineering,Software Engineer,4,2019-03-19,,90.4,22.61,1.131,3.0,49.7,31.3,0
EMP00219,HR,Recruiter,2,2023-11-01,,35.0,8.44,1.206,3.0,45.5,24.7,0
EMP00220,Sales,Account Manager,2,2024-02-11,2024-09-17,7.2,7.21,1.03,4.0,47.0,25.4,1
EMP00221,Sales,Business Development Rep,4,2025-01-30,2026-09-26,19.8,23.77,1.188,4.0,46.3,21.5,1
EMP00222,Customer Support,Team Lead - Support,3,2026-01-11,,8.6,13.14,1.095,4.0,42.9,13.5,0
EMP00223,Operations,Operations Analyst,4,2018-08-11,,97.6,20.35,1.017,2.0,41.6,8.8,0
EMP00224,HR,HR Generalist,2,2023-12-03,2025-09-17,21.5,7.29,1.042,,44.1,14.0,1
EMP00225,Sales,Sales Executive,5,2026-04-16,2026-05-01,0.5,25.01,0.781,3.0,44.2,19.5,1
EMP00226,HR,HR Generalist,1,2022-03-18,2025-01-30,34.5,4.14,1.035,4.0,48.0,38.2,1
EMP00227,Engineering,Data Engineer,2,2019-08-15,,85.5,5.7,0.815,4.0,45.4,25.6,0
EMP00228,Customer Support,Support Agent,2,2024-07-24,,26.2,5.63,0.805,2.0,46.7,30.4,0
EMP00229,Customer Support,Support Agent,3,2018-08-27,,97.1,12.28,1.023,4.0,38.7,0.0,0
EMP00230,Engineering,Data Engineer,4,2016-01-12,2025-06-01,112.6,17.33,0.866,3.0,49.2,35.5,1
EMP00231,Engineering,Data Engineer,3,2026-03-16,,6.5,11.99,0.999,3.0,42.4,9.4,0
EMP00232,Sales,Sales Executive,3,2020-07-24,2025-05-01,57.2,12.2,1.017,5.0,40.3,2.5,1
EMP00233,HR,HR Generalist,2,2022-08-02,,49.9,7.15,1.022,3.0,50.4,37.8,0
EMP00234,Customer Support,Support Specialist,2,2016-02-18,,127.4,6.24,0.892,3.0,48.1,30.1,0
EMP00235,HR,Recruiter,2,2018-02-19,,103.3,7.75,1.108,1.0,47.4,25.3,0
EMP00236,Marketing,Digital Marketer,1,2025-09-13,2026-03-15,6.0,3.96,0.989,2.0,45.0,20.7,1
EMP00237,Sales,Account Manager,2,2023-06-08,2024-01-01,6.8,7.37,1.053,1.0,44.6,18.6,1
EMP00238,Marketing,Marketing Executive,4,2022-11-04,2023-02-21,3.6,17.13,0.856,3.0,41.7,4.8,1
EMP00239,Engineering,QA Engineer,3,2021-07-24,,62.2,11.74,0.979,3.0,48.5,36.5,0
EMP00240,Engineering,DevOps Engineer,3,2022-03-20,2026-04-09,48.7,13.58,1.132,3.0,50.1,37.3,1
EMP00241,Marketing,Content Specialist,2,2019-12-14,,81.5,7.81,1.116,3.0,42.7,8.7,0
EMP00242,Marketing,Content Specialist,2,2018-02-24,2024-08-09,77.5,6.33,0.904,2.0,52.3,51.5,1
EMP00243,Engineering,Data Engineer,1,2020-01-04,2025-05-09,64.1,3.74,0.935,3.0,44.1,19.2,1
EMP00244,Customer Support,Team Lead - Support,2,2023-06-19,2023-08-01,1.4,6.17,0.881,4.0,38.7,0.0,1
EMP00245,Customer Support,Support Agent,2,2023-01-24,2025-06-12,28.6,6.45,0.921,2.0,37.3,0.0,1
EMP00246,Finance,Financial Analyst,1,2023-03-22,,42.3,3.33,0.832,3.0,35.4,0.0,0
EMP00247,Customer Support,Team Lead - Support,1,2022-06-28,2024-02-04,19.3,3.93,0.983,1.0,,11.8,1
EMP00248,Sales,Account Manager,3,2025-12-27,,9.1,12.91,1.076,3.0,44.0,16.4,0
EMP00249,Sales,Account Manager,2,2022-09-06,,48.8,6.34,0.906,4.0,48.1,34.1,0
EMP00250,Sales,Sales Executive,2,2025-05-23,2026-02-14,8.8,6.92,0.989,1.0,44.9,20.6,1
EMP00251,Operations,Operations Analyst,1,2026-03-23,2026-07-04,3.4,3.89,0.974,3.0,46.8,28.0,1
EMP00252,Finance,Payroll Specialist,2,2022-03-06,,54.8,7.89,1.127,4.0,43.2,9.6,0
EMP00253,Sales,Business Development Rep,2,2023-07-09,2024-11-09,16.1,6.49,0.927,3.0,45.1,21.6,1
EMP00254,Engineering,Data Engineer,2,2024-11-14,2025-01-01,1.6,6.52,0.931,4.0,42.4,11.3,1
EMP00255,Engineering,QA Engineer,2,2025-02-20,,19.3,6.29,0.898,3.0,51.4,47.7,0
EMP00256,Operations,Operations Analyst,1,2023-03-02,2023-04-06,1.1,3.45,0.863,2.0,36.1,0.0,1
EMP00257,Marketing,Marketing Executive,4,2024-05-21,2026-09-19,28.0,21.27,1.064,4.0,44.4,20.3,1
EMP00258,Engineering,QA Engineer,1,2017-04-20,2025-12-13,103.8,3.94,0.984,3.0,44.2,12.8,1
EMP00259,Engineering,DevOps Engineer,2,2023-06-29,,39.1,7.05,1.007,2.0,48.5,32.7,0
EMP00260,Customer Support,Team Lead - Support,1,2023-08-30,2024-04-11,7.4,4.61,1.153,5.0,44.9,18.8,1
EMP00261,Engineering,Data Engineer,2,2025-06-25,,15.2,8.12,1.16,3.0,45.0,16.2,0
EMP00262,Marketing,Marketing Executive,1,2016-07-30,,122.0,3.21,0.802,4.0,41.8,6.3,0
EMP00263,Sales,Business Development Rep,4,2026-07-07,,2.8,21.55,1.078,3.0,51.3,45.9,0
EMP00264,Engineering,QA Engineer,2,2022-12-12,2024-09-17,21.2,7.19,1.027,2.0,45.0,14.5,1
EMP00265,HR,HR Generalist,3,2016-04-02,2025-11-01,115.0,11.34,0.945,4.0,51.9,46.4,1
EMP00266,Engineering,DevOps Engineer,1,2023-07-23,,38.3,4.16,1.039,3.0,46.2,19.6,0
EMP00267,Sales,Sales Executive,1,2024-09-22,,24.2,3.17,0.793,3.0,45.1,26.5,0
EMP00268,Engineering,QA Engineer,2,2022-05-03,2023-07-28,14.8,8.23,1.176,4.0,44.3,17.8,1
EMP00269,Engineering,DevOps Engineer,2,2018-03-13,2026-08-07,100.8,7.43,1.062,3.0,47.5,30.4,1
EMP00270,Engineering,QA Engineer,2,2023-12-27,,33.1,6.27,0.896,,42.4,10.3,0
EMP00271,Engineering,DevOps Engineer,5,2026-04-29,,5.1,29.75,0.93,4.0,45.7,24.6,0
EMP00272,Engineering,QA Engineer,3,2024-12-10,2025-12-19,12.3,9.55,0.796,3.0,45.0,22.9,1
EMP00273,Engineering,Data Engineer,5,2025-02-12,2025-02-19,0.2,30.79,0.962,3.0,46.5,21.3,1
EMP00274,Customer Support,Support Agent,1,2016-12-29,,117.0,3.77,0.942,4.0,46.6,30.3,0
EMP00275,Operations,Operations Analyst,3,2017-01-24,2025-11-03,105.3,10.09,0.841,3.0,44.8,22.9,1
EMP00276,Sales,Account Manager,2,2023-08-20,,37.4,7.65,1.093,5.0,45.4,21.4,0
EMP00277,Sales,Sales Executive,2,2025-07-02,,14.9,8.07,1.153,4.0,52.1,48.0,0
EMP00278,Customer Support,Team Lead - Support,5,2019-03-13,,90.6,31.89,0.997,3.0,46.9,18.3,0
EMP00279,Finance,Accountant,3,2016-04-10,,125.7,11.56,0.963,3.0,54.7,55.1,0
EMP00280,Finance,Financial Analyst,4,2026-01-03,,8.9,21.04,1.052,5.0,43.2,14.4,0
EMP00281,Engineering,Data Engineer,3,2025-10-10,,11.7,11.97,0.998,4.0,49.3,40.8,0
EMP00282,Engineering,Software Engineer,1,2024-03-04,,30.9,3.48,0.87,2.0,41.7,9.0,0
EMP00283,Engineering,QA Engineer,3,2019-04-27,2023-10-01,53.2,11.06,0.922,3.0,51.3,45.0,1
EMP00284,Engineering,Data Engineer,2,2023-11-30,2024-10-08,10.3,6.75,0.964,3.0,41.8,13.0,1
EMP00285,Customer Support,Support Specialist,4,2023-01-17,,44.4,20.6,1.03,4.0,47.1,31.4,0
EMP00286,Sales,Sales Executive,3,2022-03-15,2023-02-19,11.2,12.01,1.001,5.0,43.8,14.0,1
EMP00287,Engineering,Software Engineer,1,2026-07-20,,2.4,4.1,1.025,4.0,47.0,34.5,0
EMP00288,Sales,Business Development Rep,1,2026-07-10,,2.7,3.27,0.817,3.0,43.9,12.3,0
EMP00289,Customer Support,Team Lead - Support,1,2023-02-20,2026-06-15,39.8,4.32,1.08,4.0,41.4,1.2,1
EMP00290,Engineering,QA Engineer,2,2021-05-09,,64.7,7.0,1.0,1.0,43.8,13.9,0
EMP00291,Marketing,Content Specialist,1,2021-08-07,,61.8,5.23,1.306,3.0,49.9,37.3,0
EMP00292,Engineering,Data Engineer,3,2019-02-07,,91.7,11.44,0.953,3.0,47.1,27.3,0
EMP00293,HR,HR Generalist,2,2021-07-21,,62.3,7.27,1.039,3.0,37.2,0.0,0
EMP00294,Engineering,Software Engineer,3,2023-02-26,,43.1,16.07,1.34,3.0,49.9,39.5,0
EMP00295,Finance,Payroll Specialist,1,2020-01-08,2024-03-30,50.7,4.09,1.023,3.0,39.0,0.0,1
EMP00296,Finance,Accountant,2,2017-06-02,,111.9,6.94,0.992,3.0,46.3,25.4,0
EMP00297,Product,UX Designer,1,2023-04-07,,41.8,3.53,0.882,4.0,45.5,15.1,0
EMP00298,Marketing,Content Specialist,4,2026-03-23,,6.3,23.67,1.183,2.0,45.8,18.7,0
EMP00299,Marketing,Digital Marketer,1,2021-10-12,2023-06-16,20.1,3.44,0.861,3.0,51.3,44.0,1
EMP00300,Operations,Operations Analyst,1,2024-05-27,,28.1,4.21,1.051,2.0,39.3,0.0,0
EMP00301,Marketing,Digital Marketer,1,2018-09-02,2023-08-07,59.1,3.77,0.943,3.0,45.7,22.1,1
EMP00302,Engineering,Software Engineer,3,2020-07-10,,74.7,11.73,0.977,3.0,50.7,47.0,0
EMP00303,Customer Support,Support Agent,1,2020-06-20,2026-01-15,66.9,3.32,0.829,4.0,42.1,8.2,1
EMP00304,Customer Support,Team Lead - Support,2,2019-07-18,,86.4,8.13,1.161,3.0,41.6,2.4,0
EMP00305,Finance,Financial Analyst,3,2023-08-21,,37.3,11.6,0.967,3.0,41.7,4.4,0
EMP00306,Sales,Business Development Rep,3,2025-08-21,,13.3,10.25,0.854,4.0,46.5,31.1,0
EMP00307,Sales,Sales Executive,1,2019-06-26,,87.2,4.6,1.15,2.0,38.7,0.0,0
EMP00308,Customer Support,Support Agent,1,2017-06-12,,111.6,3.76,0.94,4.0,47.5,31.8,0
EMP00309,Engineering,DevOps Engineer,2,2024-10-20,,23.3,7.28,1.04,3.0,38.7,0.0,0
EMP00310,Engineering,Data Engineer,1,2025-01-22,,20.2,4.4,1.101,4.0,50.8,44.1,0
EMP00311,Sales,Account Manager,3,2025-11-17,,10.4,12.68,1.057,1.0,47.3,30.4,0
EMP00312,Sales,Business Development Rep,2,2018-09-20,,96.3,5.15,0.736,3.0,53.6,54.5,0
EMP00313,Engineering,Data Engineer,2,2026-07-31,,2.0,7.58,1.083,3.0,48.0,30.3,0
EMP00314,Sales,Business Development Rep,1,2025-01-13,2025-07-11,5.9,3.95,0.988,3.0,43.6,13.3,1
EMP00315,Sales,Account Manager,2,2024-06-04,2026-01-28,19.8,6.72,0.961,4.0,41.4,3.7,1
EMP00316,Sales,Business Development Rep,1,2023-09-10,2024-02-25,5.5,3.95,0.987,2.0,,21.0,1
EMP00317,Sales,Account Manager,3,2026-02-27,2026-06-20,3.7,9.68,0.807,3.0,44.9,23.7,1
EMP00318,Operations,Process Specialist,1,2026-04-25,,5.2,4.09,1.023,4.0,48.3,35.8,0
EMP00319,Sales,Account Manager,5,2016-10-22,,119.3,26.76,0.836,4.0,40.8,2.3,0
EMP00320,HR,Recruiter,3,2018-01-18,,104.4,11.59,0.966,3.0,52.1,49.5,0
EMP00321,Finance,Financial Analyst,1,2025-12-28,,9.1,4.08,1.019,3.0,48.7,36.0,0
EMP00322,Customer Support,Support Specialist,1,2025-01-03,,20.9,4.52,1.129,4.0,44.1,23.4,0
EMP00323,Sales,Business Development Rep,2,2016-02-13,2026-08-10,125.9,6.31,0.902,4.0,53.1,55.0,1
EMP00324,Customer Support,Team Lead - Support,1,2019-12-02,2025-07-05,67.1,4.7,1.174,4.0,41.5,8.5,1
EMP00325,Finance,Financial Analyst,1,2018-08-12,2023-06-28,58.5,4.45,1.114,4.0,43.9,15.7,1
EMP00326,Operations,Operations Analyst,4,2019-06-03,2026-06-28,84.8,18.97,0.948,3.0,37.3,0.0,1
EMP00327,Marketing,Content Specialist,2,2022-10-24,,47.2,6.07,0.867,3.0,51.3,49.3,0
EMP00328,Customer Support,Support Agent,1,2024-03-16,,30.5,3.31,0.827,3.0,37.6,0.0,0
EMP00329,Customer Support,Support Agent,2,2024-08-17,2026-09-24,25.2,7.23,1.033,2.0,38.5,0.0,1
EMP00330,Sales,Sales Executive,1,2020-08-21,,73.3,3.65,0.912,4.0,42.1,9.8,0
EMP00331,Operations,Logistics Coordinator,5,2022-11-04,2025-11-26,36.7,36.61,1.144,3.0,49.0,38.5,1
EMP00332,Engineering,Data Engineer,1,2023-04-14,2023-12-23,8.3,3.67,0.918,2.0,49.3,30.9,1
EMP00333,Operations,Logistics Coordinator,3,2016-06-18,,123.4,10.7,0.892,3.0,43.5,11.2,0
EMP00334,Finance,Financial Analyst,3,2025-03-26,,18.2,12.34,1.028,3.0,47.6,31.5,0
EMP00335,Engineering,Software Engineer,1,2020-08-24,2026-01-29,65.2,3.67,0.918,2.0,44.5,12.2,1
EMP00336,Customer Support,Team Lead - Support,1,2026-03-03,,6.9,4.0,1.001,3.0,46.9,22.3,0
EMP00337,Engineering,Software Engineer,2,2022-12-01,,46.0,7.83,1.118,4.0,52.4,48.8,0
EMP00338,Operations,Process Specialist,4,2026-03-03,,6.9,20.28,1.014,3.0,41.9,9.1,0
EMP00339,Engineering,Data Engineer,2,2025-07-22,2026-01-27,6.2,7.1,1.015,1.0,41.6,8.0,1
EMP00340,HR,HR Business Partner,3,2020-11-16,,70.4,12.3,1.025,3.0,45.1,25.1,0
EMP00341,Engineering,QA Engineer,3,2025-10-12,,11.6,9.56,0.797,1.0,48.3,33.4,0
EMP00342,HR,HR Generalist,3,2023-01-16,2024-04-06,14.7,12.56,1.047,5.0,43.5,12.9,1
EMP00343,Marketing,Marketing Executive,2,2017-07-06,,110.8,7.13,1.019,3.0,47.5,26.1,0
EMP00344,Customer Support,Team Lead - Support,2,2023-08-04,,37.9,7.75,1.107,4.0,44.1,15.2,0
EMP00345,Marketing,Marketing Executive,3,2024-10-01,2026-06-11,20.3,12.87,1.073,1.0,43.6,16.5,1
EMP00346,Marketing,Digital Marketer,1,2022-05-01,,53.0,3.9,0.976,2.0,44.7,21.1,0
EMP00347,HR,HR Generalist,4,2024-10-16,,23.5,22.48,1.124,3.0,44.3,18.0,0
EMP00348,Engineering,Software Engineer,1,2021-10-16,2023-05-26,19.3,3.86,0.965,4.0,52.3,50.8,1
EMP00349,Customer Support,Support Agent,1,2025-07-28,,14.1,4.12,1.03,5.0,46.7,30.6,0
EMP00350,Engineering,Data Engineer,3,2019-05-26,,88.2,11.55,0.963,3.0,43.6,14.6,0
EMP00351,Customer Support,Support Specialist,2,2019-10-06,,83.8,7.39,1.055,3.0,47.4,33.7,0
EMP00352,Engineering,QA Engineer,1,2016-04-15,,125.5,3.82,0.955,1.0,49.5,35.8,0
EMP00353,Customer Support,Support Specialist,1,2026-01-17,,8.4,4.79,1.198,3.0,48.5,33.8,0
EMP00354,Customer Support,Support Specialist,2,2024-07-23,,26.3,8.69,1.242,3.0,48.2,31.4,0
EMP00355,Sales,Account Manager,4,2025-06-12,,15.6,22.1,1.105,4.0,38.3,0.0,0
EMP00356,Customer Support,Support Specialist,1,2019-10-09,,83.7,4.74,1.185,3.0,33.8,0.0,0
EMP00357,Marketing,Marketing Executive,1,2021-12-13,2023-06-23,18.3,3.26,0.815,4.0,48.7,33.8,1
EMP00358,Marketing,Marketing Executive,2,2020-11-19,2023-04-01,28.4,5.81,0.829,4.0,45.0,14.4,1
EMP00359,Customer Support,Support Specialist,4,2024-01-30,,32.0,19.23,0.961,2.0,44.9,21.4,0
EMP00360,Customer Support,Support Agent,1,2026-03-25,,6.2,4.02,1.005,3.0,48.1,36.1,0
EMP00361,HR,Recruiter,4,2023-02-10,,43.6,19.52,0.976,4.0,51.7,49.5,0
EMP00362,Engineering,Software Engineer,4,2024-03-30,,30.0,16.06,0.803,3.0,51.4,48.0,0
EMP00363,Engineering,Data Engineer,1,2023-08-29,,37.1,4.55,1.138,3.0,49.3,39.7,0
EMP00364,Engineering,Software Engineer,3,2018-01-20,2024-05-01,75.3,15.1,1.259,4.0,41.0,6.1,1
EMP00365,Operations,Operations Analyst,3,2023-05-18,,40.4,13.84,1.154,3.0,39.6,0.2,0
EMP00366,Sales,Account Manager,2,2024-09-21,,24.3,7.91,1.13,4.0,34.3,0.0,0
EMP00367,Marketing,Marketing Executive,2,2019-12-07,2024-01-10,49.1,7.19,1.027,3.0,45.9,21.6,1
EMP00368,Operations,Logistics Coordinator,3,2020-11-12,,70.6,10.79,0.899,3.0,48.0,31.4,0
EMP00369,Sales,Sales Executive,3,2025-11-30,,10.0,12.1,1.009,3.0,50.4,41.8,0
EMP00370,Finance,Accountant,3,2018-12-24,2024-02-26,62.1,15.03,1.253,3.0,46.0,23.0,1
EMP00371,Marketing,Digital Marketer,5,2024-01-27,2024-08-05,6.3,30.65,0.958,1.0,42.3,4.5,1
EMP00372,Engineering,DevOps Engineer,2,2019-08-28,,85.1,6.62,0.945,2.0,42.5,6.3,0
EMP00373,Sales,Sales Executive,3,2021-02-13,2026-05-18,63.1,13.59,1.133,3.0,41.3,5.9,1
EMP00374,Sales,Business Development Rep,4,2017-04-24,,113.2,22.82,1.141,3.0,44.3,19.9,0
EMP00375,Engineering,DevOps Engineer,1,2026-06-23,2026-06-30,0.2,3.59,0.898,3.0,40.6,2.4,1
EMP00376,Engineering,DevOps Engineer,1,2022-02-06,2025-03-27,37.6,3.87,0.969,1.0,52.9,59.9,1
EMP00377,HR,Recruiter,2,2021-12-08,2025-12-16,48.3,6.58,0.94,2.0,37.1,0.0,1
EMP00378,Sales,Business Development Rep,4,2025-10-02,,11.9,20.17,1.008,3.0,44.1,17.7,0
EMP00379,Sales,Account Manager,1,2018-06-30,2025-07-14,84.5,4.53,1.132,,36.3,0.0,1
EMP00380,Operations,Logistics Coordinator,3,2019-03-12,2023-01-02,45.7,10.84,0.904,3.0,44.3,20.4,1
EMP00381,Customer Support,Support Specialist,1,2025-03-20,2026-02-11,10.8,4.52,1.131,2.0,45.0,22.0,1
EMP00382,HR,HR Business Partner,2,2021-02-13,2025-06-24,52.3,7.09,1.012,3.0,41.4,8.8,1
EMP00383,Marketing,Digital Marketer,2,2024-10-30,,23.0,8.95,1.279,4.0,38.8,0.0,0
EMP00384,Sales,Sales Executive,1,2016-08-20,,121.3,4.15,1.038,3.0,,25.0,0
EMP00385,Sales,Account Manager,4,2025-06-20,2025-07-13,0.8,19.77,0.988,3.0,42.5,13.8,1
EMP00386,Product,UX Designer,1,2019-08-25,,85.2,4.28,1.069,4.0,42.4,7.0,0
EMP00387,Operations,Operations Analyst,4,2020-11-20,,70.3,19.19,0.96,3.0,51.8,48.2,0
EMP00388,HR,HR Business Partner,1,2026-01-16,2026-01-23,0.2,3.14,0.785,3.0,43.8,10.6,1
EMP00389,Engineering,Data Engineer,5,2021-04-08,2024-03-09,35.0,31.08,0.971,3.0,47.4,34.2,1
EMP00390,Finance,Payroll Specialist,2,2020-08-29,2026-01-25,64.9,6.78,0.969,3.0,40.9,4.3,1
EMP00391,Customer Support,Support Agent,1,2017-10-11,2023-04-18,66.2,3.24,0.809,3.0,41.5,10.0,1
EMP00392,Engineering,DevOps Engineer,1,2020-08-18,,73.4,3.96,0.991,3.0,44.9,19.3,0
EMP00393,Customer Support,Support Specialist,1,2026-07-02,2026-08-04,1.1,3.01,0.752,3.0,56.3,59.6,1
EMP00394,Operations,Logistics Coordinator,2,2022-03-23,2023-03-26,12.1,6.71,0.958,3.0,41.7,14.7,1
EMP00395,Engineering,Data Engineer,3,2022-06-18,2023-03-18,9.0,12.35,1.029,2.0,46.6,26.8,1
EMP00396,Sales,Account Manager,2,2020-07-31,2023-08-04,36.1,7.08,1.012,2.0,41.3,2.2,1
EMP00397,Marketing,Content Specialist,2,2017-09-04,2026-04-02,102.9,6.65,0.951,2.0,32.0,0.0,1
EMP00398,Sales,Business Development Rep,2,2026-01-12,2026-05-18,4.1,6.93,0.99,3.0,41.4,11.7,1
EMP00399,Sales,Business Development Rep,2,2025-07-16,2025-12-04,4.6,6.34,0.906,1.0,55.7,62.2,1
EMP00400,Sales,Business Development Rep,3,2022-08-06,,49.8,12.02,1.001,3.0,47.7,30.5,0
EMP00401,Sales,Account Manager,2,2025-02-17,,19.4,7.05,1.007,3.0,52.4,50.3,0
EMP00402,Finance,Payroll Specialist,3,2024-10-04,,23.9,10.7,0.892,3.0,41.4,2.3,0
EMP00403,Marketing,Marketing Executive,5,2024-01-31,2024-10-28,8.9,33.03,1.032,5.0,32.4,0.0,1
EMP00404,Engineering,QA Engineer,2,2016-11-06,,118.8,7.22,1.031,4.0,40.0,5.3,0
EMP00405,Product,Product Manager,1,2022-09-21,,48.3,3.92,0.98,3.0,44.8,18.8,0
EMP00406,Finance,Accountant,1,2016-05-29,2025-09-18,111.7,5.16,1.291,3.0,44.1,13.9,1
EMP00407,Sales,Account Manager,2,2025-02-21,2026-02-10,11.6,6.88,0.983,3.0,45.0,18.6,1
EMP00408,Marketing,Content Specialist,2,2020-02-01,,79.9,6.77,0.966,5.0,40.6,5.6,0
EMP00409,Engineering,DevOps Engineer,4,2024-12-12,,21.6,18.99,0.949,3.0,49.2,30.9,0
EMP00410,Product,Product Analyst,3,2022-09-01,2023-06-08,9.2,10.6,0.883,2.0,40.7,3.6,1
EMP00411,Operations,Operations Analyst,2,2025-08-03,2025-12-09,4.2,7.58,1.082,4.0,44.4,25.0,1
EMP00412,Operations,Operations Analyst,3,2023-10-28,,35.1,11.01,0.918,1.0,43.9,21.7,0
EMP00413,Engineering,DevOps Engineer,1,2023-04-20,,41.4,3.73,0.932,4.0,43.3,14.9,0
EMP00414,Finance,Accountant,3,2021-08-07,,61.8,11.22,0.935,2.0,39.0,0.0,0
EMP00415,Engineering,DevOps Engineer,1,2022-09-01,2023-07-01,10.0,3.53,0.882,2.0,43.1,16.3,1
EMP00416,Engineering,DevOps Engineer,2,2023-05-29,,40.1,5.53,0.79,4.0,53.4,53.2,0
EMP00417,Engineering,Data Engineer,4,2020-10-16,,71.5,18.89,0.944,3.0,50.0,42.8,0
EMP00418,Marketing,Marketing Executive,3,2024-12-16,2026-02-16,14.0,13.26,1.105,3.0,47.6,35.8,1
EMP00419,Engineering,Data Engineer,4,2023-01-05,,44.8,20.47,1.024,4.0,41.5,2.2,0
EMP00420,Finance,Accountant,2,2016-03-24,2023-02-06,82.5,8.31,1.187,4.0,36.5,0.0,1
EMP00421,Operations,Operations Analyst,3,2020-01-16,,80.5,13.08,1.09,3.0,47.9,32.7,0
EMP00422,Engineering,Software Engineer,2,2020-03-06,,78.8,7.44,1.063,5.0,49.1,36.7,0
EMP00423,Engineering,Software Engineer,2,2020-06-17,2024-07-28,49.3,8.58,1.226,3.0,45.6,22.4,1
EMP00424,Engineering,Data Engineer,1,2016-10-02,,119.9,3.95,0.988,2.0,43.3,13.9,0
EMP00425,Customer Support,Support Agent,1,2023-01-09,,44.7,4.03,1.008,4.0,38.4,0.0,0
EMP00426,Marketing,Digital Marketer,2,2025-10-19,2026-08-11,9.7,6.99,0.999,3.0,46.9,31.0,1
EMP00427,Engineering,QA Engineer,1,2025-11-13,,10.5,4.74,1.185,4.0,50.3,42.6,0
EMP00428,Finance,Accountant,3,2024-06-29,,27.0,12.0,1.0,,39.9,0.0,0
EMP00429,Engineering,QA Engineer,4,2019-05-31,2026-02-22,80.8,18.44,0.922,2.0,41.6,3.9,1
EMP00430,Marketing,Marketing Executive,4,2016-05-14,,124.6,21.41,1.071,,48.6,33.0,0
EMP00431,HR,Recruiter,1,2018-09-02,,96.9,3.61,0.902,3.0,40.1,1.2,0
EMP00432,Marketing,Content Specialist,4,2025-06-14,,15.5,21.28,1.064,4.0,51.0,41.9,0
EMP00433,Operations,Logistics Coordinator,1,2024-01-07,2024-03-06,1.9,4.2,1.05,3.0,42.5,12.8,1
EMP00434,Marketing,Marketing Executive,2,2023-08-31,2024-12-18,15.6,6.84,0.977,2.0,41.3,6.5,1
EMP00435,Engineering,Data Engineer,4,2022-03-01,,55.0,21.36,1.068,3.0,45.2,24.2,0
EMP00436,Engineering,DevOps Engineer,1,2025-01-21,,20.3,3.29,0.821,3.0,43.3,11.3,0
EMP00437,Engineering,QA Engineer,1,2024-08-06,2025-12-28,16.7,4.08,1.02,3.0,50.1,37.9,1
EMP00438,Customer Support,Support Specialist,1,2021-10-26,,59.1,3.78,0.944,3.0,49.0,39.4,0
EMP00439,Operations,Operations Analyst,2,2025-10-15,,11.5,9.4,1.343,2.0,47.9,32.0,0
EMP00440,Customer Support,Team Lead - Support,3,2024-02-11,2024-06-04,3.7,12.22,1.019,3.0,45.8,22.6,1
EMP00441,Finance,Payroll Specialist,1,2025-02-08,,19.7,3.71,0.928,3.0,40.9,5.7,0
EMP00442,Engineering,QA Engineer,1,2018-04-01,,102.0,3.34,0.835,3.0,45.0,22.0,0
EMP00443,Operations,Process Specialist,2,2024-06-27,,27.1,8.1,1.157,3.0,41.1,0.6,0
EMP00444,Engineering,DevOps Engineer,1,2025-06-25,,15.2,3.83,0.958,3.0,51.6,50.6,0
EMP00445,Engineering,DevOps Engineer,3,2022-07-13,2023-02-25,7.5,10.86,0.905,3.0,49.5,36.8,1
EMP00446,Operations,Operations Analyst,4,2026-01-16,,8.4,20.81,1.04,1.0,42.6,15.5,0
EMP00447,Product,UX Designer,3,2017-07-02,,110.9,12.94,1.078,3.0,38.8,0.0,0
EMP00448,Customer Support,Team Lead - Support,4,2024-08-05,,25.8,21.52,1.076,4.0,51.9,48.6,0
EMP00449,Engineering,Data Engineer,2,2025-10-09,,11.7,7.02,1.002,3.0,45.6,21.8,0
EMP00450,Customer Support,Team Lead - Support,3,2022-05-13,2026-03-26,46.4,12.23,1.019,4.0,44.4,11.7,1
EMP00451,Engineering,Data Engineer,1,2025-12-29,2026-03-22,2.7,4.11,1.028,3.0,52.0,50.0,1
EMP00452,Finance,Payroll Specialist,1,2024-06-13,2026-08-27,26.4,4.16,1.04,3.0,40.7,0.0,1
EMP00453,Operations,Operations Analyst,3,2020-03-13,,78.6,12.61,1.051,4.0,41.6,5.5,0
EMP00454,Engineering,QA Engineer,1,2025-04-02,2026-09-24,17.7,4.53,1.131,3.0,44.0,19.3,1
EMP00455,Engineering,Software Engineer,4,2019-02-02,2025-06-25,76.7,20.14,1.007,3.0,39.1,0.0,1
EMP00456,Engineering,Software Engineer,3,2019-04-03,,89.9,10.82,0.902,2.0,46.4,22.9,0
EMP00457,Product,UX Designer,4,2016-08-24,,121.2,19.65,0.983,3.0,39.6,0.8,0
EMP00458,Sales,Business Development Rep,2,2024-02-20,,31.3,7.63,1.09,3.0,42.4,8.9,0
EMP00459,Marketing,Content Specialist,2,2026-03-27,,6.1,5.5,0.786,4.0,39.8,0.0,0
EMP00460,Customer Support,Team Lead - Support,3,2017-01-04,2026-05-26,112.7,9.44,0.786,3.0,42.4,13.4,1
EMP00461,Customer Support,Support Agent,1,2023-01-04,,44.8,4.44,1.11,3.0,41.2,1.3,0
EMP00462,Engineering,Software Engineer,2,2023-01-24,,44.2,8.28,1.182,3.0,,23.0,0
EMP00463,HR,HR Business Partner,3,2024-06-01,,28.0,10.18,0.848,2.0,42.3,11.8,0
EMP00464,Sales,Account Manager,5,2022-07-07,,50.8,32.39,1.012,4.0,45.2,17.1,0
EMP00465,Customer Support,Support Specialist,3,2016-12-06,,117.8,11.42,0.952,2.0,55.6,67.7,0
EMP00466,Operations,Logistics Coordinator,1,2021-08-10,2023-12-18,28.3,3.87,0.969,4.0,42.3,8.5,1
EMP00467,Operations,Operations Analyst,2,2024-07-14,2026-05-10,21.8,7.26,1.037,1.0,45.7,25.4,1
EMP00468,HR,HR Business Partner,2,2020-11-09,,70.7,5.91,0.845,3.0,46.2,27.4,0
EMP00469,Engineering,Data Engineer,1,2017-03-13,2025-01-24,94.4,3.47,0.867,2.0,44.7,18.3,1
EMP00470,Customer Support,Team Lead - Support,2,2023-05-19,,40.4,6.75,0.964,4.0,46.2,23.4,0
EMP00471,Sales,Account Manager,1,2026-04-03,,5.9,3.93,0.983,3.0,45.1,20.3,0
EMP00472,Sales,Account Manager,1,2020-08-28,2023-12-25,39.9,3.46,0.865,3.0,45.9,25.7,1
EMP00473,Engineering,Data Engineer,2,2024-08-12,,25.6,7.66,1.095,4.0,42.4,6.6,0
EMP00474,Engineering,DevOps Engineer,1,2026-08-13,,1.6,3.8,0.95,3.0,42.8,7.6,0
EMP00475,Engineering,QA Engineer,2,2024-04-15,,29.5,6.65,0.949,2.0,45.1,24.9,0
EMP00476,Sales,Sales Executive,1,2022-05-24,2026-07-18,49.8,4.14,1.034,,36.1,0.0,1
EMP00477,Sales,Account Manager,3,2025-09-14,,12.5,11.81,0.985,3.0,51.7,47.9,0
EMP00478,Customer Support,Support Specialist,1,2021-02-14,2024-10-03,43.6,4.4,1.1,1.0,54.7,58.2,1
EMP00479,Customer Support,Support Specialist,4,2024-12-26,2025-11-17,10.7,17.76,0.888,3.0,45.8,22.7,1
EMP00480,Sales,Sales Executive,1,2025-03-29,,18.1,3.33,0.832,4.0,48.0,36.3,0
EMP00481,Sales,Sales Executive,2,2019-11-09,2023-11-03,47.8,6.74,0.963,3.0,49.9,39.3,1
EMP00482,Engineering,Data Engineer,2,2025-11-05,,10.8,7.05,1.007,4.0,,0.0,0
EMP00483,Customer Support,Support Specialist,1,2023-06-16,,39.5,3.4,0.851,4.0,49.2,36.0,0
EMP00484,Sales,Account Manager,2,2025-06-09,,15.7,5.83,0.833,3.0,43.1,10.9,0
EMP00485,Engineering,DevOps Engineer,4,2019-01-11,2025-07-06,77.8,20.44,1.022,3.0,55.3,59.2,1
EMP00486,Sales,Account Manager,4,2024-11-25,2025-12-04,12.3,18.18,0.909,4.0,44.2,15.3,1
EMP00487,Sales,Business Development Rep,2,2018-08-05,2026-07-12,95.2,5.78,0.826,3.0,49.1,41.4,1
EMP00488,Engineering,Software Engineer,1,2026-04-28,,5.1,4.46,1.116,2.0,,18.9,0
EMP00489,Customer Support,Team Lead - Support,3,2016-06-20,,123.3,11.09,0.924,3.0,54.9,58.6,0
EMP00490,Customer Support,Support Agent,2,2018-11-01,2024-01-05,62.1,7.97,1.138,4.0,42.7,13.7,1
EMP00491,Operations,Logistics Coordinator,1,2022-04-21,2024-04-28,24.2,4.01,1.003,3.0,48.2,28.0,1
EMP00492,Operations,Logistics Coordinator,3,2022-05-03,2025-10-10,41.3,12.42,1.035,3.0,45.8,27.3,1
EMP00493,Operations,Process Specialist,2,2025-09-13,,12.6,6.82,0.975,2.0,44.8,23.1,0
EMP00494,Sales,Sales Executive,3,2023-03-25,2023-10-28,7.1,8.18,0.681,2.0,46.0,30.7,1
EMP00495,Marketing,Content Specialist,2,2023-01-13,,44.6,6.05,0.864,5.0,40.0,3.0,0
EMP00496,Customer Support,Support Agent,2,2024-09-12,2025-04-01,6.6,6.89,0.985,3.0,33.4,0.0,1
EMP00497,Sales,Sales Executive,1,2024-06-15,,27.5,4.18,1.044,4.0,49.8,43.1,0
EMP00498,Customer Support,Team Lead - Support,3,2024-04-28,,29.1,9.42,0.785,4.0,42.8,9.3,0
EMP00499,Sales,Business Development Rep,1,2016-04-03,,125.9,3.97,0.994,3.0,50.3,40.0,0
EMP00500,Customer Support,Support Specialist,3,2019-11-01,2023-08-21,45.6,10.38,0.865,4.0,46.6,26.2,1
EMP00501,Operations,Logistics Coordinator,3,2021-01-27,,68.1,12.34,1.028,5.0,48.4,37.7,0
EMP00502,Finance,Financial Analyst,3,2021-03-08,,66.8,11.97,0.998,4.0,46.6,23.8,0
EMP00503,HR,HR Generalist,1,2024-09-27,2024-12-07,2.3,4.36,1.089,4.0,32.0,0.0,1
EMP00504,Customer Support,Support Specialist,1,2018-11-09,2024-10-21,71.4,4.51,1.128,3.0,47.8,31.9,1
EMP00505,Customer Support,Support Agent,2,2020-03-06,2023-02-01,34.9,7.39,1.055,4.0,43.5,16.2,1
EMP00506,Marketing,Digital Marketer,2,2016-06-01,,124.0,7.72,1.103,2.0,48.2,30.7,0
EMP00507,Sales,Account Manager,4,2016-12-10,2023-08-09,79.9,19.16,0.958,4.0,,32.8,1
EMP00508,Marketing,Marketing Executive,2,2025-11-22,,10.3,9.37,1.339,3.0,45.7,26.9,0
EMP00509,Customer Support,Support Specialist,4,2025-07-10,,14.7,17.07,0.854,3.0,43.8,18.8,0
EMP00510,Engineering,Data Engineer,1,2020-12-14,2023-01-09,24.8,3.75,0.937,4.0,40.9,4.7,1
EMP00511,Engineering,QA Engineer,2,2025-09-22,,12.3,7.76,1.108,3.0,43.1,12.1,0
EMP00512,Finance,Payroll Specialist,1,2026-06-02,,3.9,4.36,1.09,1.0,34.9,0.0,0
EMP00513,Engineering,QA Engineer,3,2016-07-28,2024-09-20,97.8,12.7,1.058,4.0,42.3,9.2,1
EMP00514,Sales,Account Manager,1,2021-07-04,,62.9,4.32,1.081,5.0,38.4,0.0,0
EMP00515,Sales,Business Development Rep,1,2026-08-12,,1.6,3.0,0.75,3.0,38.5,0.0,0
EMP00516,Engineering,QA Engineer,3,2020-02-09,,79.7,14.29,1.191,4.0,45.5,24.5,0
EMP00517,Sales,Sales Executive,2,2024-11-08,,22.7,6.83,0.976,4.0,47.4,26.6,0
EMP00518,Operations,Process Specialist,1,2020-03-18,,78.4,4.6,1.15,4.0,42.9,7.9,0
EMP00519,Engineering,Software Engineer,1,2016-08-02,2026-01-12,113.3,3.02,0.756,3.0,42.8,10.3,1
EMP00520,Marketing,Content Specialist,2,2026-01-22,,8.2,7.22,1.031,3.0,38.7,0.0,0
EMP00521,Finance,Payroll Specialist,2,2018-02-25,,103.1,6.53,0.932,4.0,41.6,7.7,0
EMP00522,Sales,Account Manager,1,2019-10-14,,83.5,4.27,1.069,4.0,41.3,11.8,0
EMP00523,Engineering,DevOps Engineer,2,2021-05-08,,64.8,7.27,1.038,2.0,44.7,20.1,0
EMP00524,Customer Support,Support Specialist,1,2023-09-16,2024-04-11,6.8,4.18,1.044,2.0,38.2,0.0,1
EMP00525,Engineering,Software Engineer,2,2018-12-19,,93.4,6.11,0.873,3.0,48.2,29.4,0
EMP00526,Sales,Sales Executive,2,2020-01-22,2023-09-24,44.1,6.95,0.993,4.0,42.4,13.1,1
EMP00527,HR,Recruiter,1,2023-11-19,2026-02-09,26.7,3.91,0.978,4.0,44.7,18.8,1
EMP00528,Product,Product Analyst,1,2023-12-21,,33.3,4.24,1.059,3.0,47.0,23.5,0
EMP00529,Marketing,Content Specialist,1,2022-07-31,2023-10-21,14.7,4.47,1.119,2.0,44.5,18.1,1
EMP00530,Sales,Account Manager,1,2019-02-16,2023-01-24,47.2,4.07,1.018,3.0,48.6,31.4,1
EMP00531,Operations,Process Specialist,2,2016-08-24,,121.2,5.93,0.847,4.0,33.7,0.0,0
EMP00532,Operations,Operations Analyst,4,2023-08-28,2025-07-16,22.6,20.26,1.013,3.0,40.8,3.2,1
EMP00533,Sales,Business Development Rep,3,2026-01-30,,8.0,15.76,1.313,2.0,50.0,37.3,0
EMP00534,Operations,Logistics Coordinator,2,2025-05-12,,16.6,8.38,1.198,3.0,45.3,19.7,0
EMP00535,Engineering,DevOps Engineer,2,2021-05-20,2023-02-17,21.0,4.55,0.65,4.0,53.3,51.0,1
EMP00536,Engineering,DevOps Engineer,2,2020-10-30,2026-05-07,66.2,7.05,1.008,3.0,52.7,48.6,1
EMP00537,Customer Support,Support Agent,3,2022-11-01,2024-12-31,26.0,13.34,1.112,2.0,46.3,22.2,1
EMP00538,Engineering,Data Engineer,1,2026-01-28,,8.0,3.91,0.978,3.0,43.9,14.2,0
EMP00539,Engineering,Software Engineer,1,2023-08-12,2024-02-15,6.1,3.78,0.945,5.0,40.7,0.1,1
EMP00540,Marketing,Marketing Executive,2,2024-02-01,,31.9,6.78,0.968,3.0,40.9,5.4,0
EMP00541,Product,UX Designer,1,2025-06-12,,15.6,4.27,1.066,3.0,41.2,5.4,0
EMP00542,Customer Support,Support Specialist,2,2025-01-09,2026-04-21,15.3,6.04,0.862,2.0,42.3,12.8,1
EMP00543,Marketing,Digital Marketer,4,2019-09-23,,84.2,22.85,1.143,3.0,38.9,1.3,0
EMP00544,Product,Product Manager,4,2026-04-19,,5.4,19.87,0.993,4.0,44.8,21.2,0
EMP00545,Engineering,Software Engineer,1,2025-03-22,,18.3,3.55,0.888,4.0,52.6,51.7,0
EMP00546,Sales,Sales Executive,2,2019-06-27,,87.1,7.94,1.135,3.0,49.2,39.0,0
EMP00547,Sales,Account Manager,2,2016-10-18,2023-03-01,76.4,5.7,0.815,4.0,43.5,15.4,1
EMP00548,Engineering,Software Engineer,2,2023-08-14,2024-07-28,11.5,6.53,0.933,,49.6,38.6,1
EMP00549,Operations,Process Specialist,2,2023-01-22,2025-10-14,32.7,6.52,0.931,4.0,44.6,18.3,1
EMP00550,Sales,Sales Executive,1,2022-03-16,2026-03-03,47.6,5.03,1.257,1.0,44.8,16.1,1
EMP00551,Sales,Business Development Rep,4,2022-09-26,2023-07-25,9.9,18.36,0.918,3.0,44.5,20.5,1
EMP00552,Engineering,Software Engineer,5,2018-02-11,2026-05-20,99.2,23.72,0.741,4.0,44.1,16.3,1
EMP00553,Engineering,Software Engineer,3,2023-03-01,2023-09-03,6.1,11.16,0.93,4.0,47.9,35.9,1
EMP00554,Finance,Accountant,3,2024-03-28,,30.1,12.66,1.055,4.0,43.6,17.1,0
EMP00555,Engineering,Software Engineer,2,2023-06-03,2024-02-04,8.1,7.66,1.094,3.0,41.7,4.9,1
EMP00556,Engineering,QA Engineer,2,2024-01-29,,32.0,8.91,1.273,4.0,41.5,9.7,0
EMP00557,Sales,Sales Executive,1,2021-12-04,,57.9,4.68,1.169,4.0,46.4,17.9,0
EMP00558,Customer Support,Support Specialist,2,2026-02-24,,7.2,7.16,1.023,3.0,46.9,33.4,0
EMP00559,Customer Support,Support Specialist,1,2024-11-16,,22.4,3.57,0.893,3.0,43.6,10.4,0
EMP00560,Customer Support,Support Agent,3,2021-03-13,2024-10-10,42.9,14.34,1.195,3.0,39.9,1.1,1
EMP00561,Engineering,Software Engineer,2,2020-05-05,,76.8,6.69,0.956,3.0,50.6,43.7,0
EMP00562,Engineering,Software Engineer,2,2025-12-07,,9.8,6.45,0.921,4.0,49.7,42.2,0
EMP00563,Finance,Accountant,2,2023-01-30,,44.0,6.65,0.95,3.0,34.1,0.0,0
EMP00564,Customer Support,Support Agent,5,2019-02-24,,91.2,27.19,0.85,2.0,51.0,37.6,0
EMP00565,Operations,Operations Analyst,1,2023-10-25,2023-11-01,0.2,3.78,0.944,3.0,42.1,7.4,1
EMP00566,Operations,Logistics Coordinator,1,2023-02-14,2023-08-06,5.7,3.89,0.972,4.0,43.9,14.9,1
EMP00567,Marketing,Marketing Executive,1,2020-01-18,2024-12-15,58.9,4.35,1.088,1.0,48.1,26.3,1
EMP00568,Engineering,QA Engineer,3,2024-02-09,,31.7,11.44,0.953,4.0,52.4,49.7,0
EMP00569,Sales,Account Manager,5,2023-09-04,2024-04-18,7.5,27.13,0.848,2.0,49.5,34.8,1
EMP00570,Customer Support,Support Specialist,1,2018-12-05,2024-12-23,72.6,3.23,0.808,3.0,46.1,26.3,1
EMP00571,Sales,Sales Executive,4,2024-02-19,,31.3,20.5,1.025,4.0,38.8,0.0,0
EMP00572,Finance,Accountant,1,2021-08-11,,61.6,4.03,1.009,3.0,33.9,0.0,0
EMP00573,Customer Support,Support Specialist,3,2016-12-08,2026-02-17,110.3,11.2,0.933,4.0,49.0,35.2,1
EMP00574,Marketing,Marketing Executive,1,2026-02-17,,7.4,3.78,0.944,2.0,49.0,37.3,0
EMP00575,Finance,Financial Analyst,2,2023-04-06,,41.8,7.33,1.047,3.0,39.3,0.0,0
EMP00576,Customer Support,Team Lead - Support,3,2020-07-10,,74.7,14.0,1.167,,43.8,10.3,0
EMP00577,Finance,Financial Analyst,2,2025-02-07,2025-05-12,3.1,6.34,0.906,4.0,40.5,1.4,1
EMP00578,Customer Support,Support Agent,1,2024-05-27,2025-06-30,13.1,4.04,1.011,2.0,42.4,11.9,1
EMP00579,Finance,Payroll Specialist,3,2017-10-16,,107.5,13.38,1.115,3.0,47.8,33.0,0
EMP00580,Sales,Sales Executive,5,2022-09-30,2023-10-03,12.1,29.02,0.907,3.0,46.0,23.1,1
EMP00581,Customer Support,Support Agent,2,2019-01-18,,92.4,6.99,0.998,5.0,44.0,11.6,0
EMP00582,Customer Support,Support Agent,3,2016-11-01,2023-02-23,75.7,11.95,0.995,4.0,57.0,69.9,1
EMP00583,Engineering,Data Engineer,3,2019-08-09,2023-05-28,45.6,10.11,0.843,4.0,38.5,0.0,1
EMP00584,Sales,Business Development Rep,1,2017-02-09,2023-12-10,82.0,4.08,1.02,3.0,47.5,32.5,1
EMP00585,Finance,Financial Analyst,4,2017-02-16,,115.4,20.08,1.004,3.0,38.3,0.0,0
EMP00586,Customer Support,Support Specialist,1,2023-10-02,,35.9,4.27,1.067,4.0,44.3,12.1,0
EMP00587,Engineering,DevOps Engineer,3,2025-11-11,2026-03-23,4.3,10.29,0.858,4.0,45.7,24.4,1
EMP00588,Sales,Account Manager,1,2025-04-12,2025-08-27,4.5,4.0,1.001,4.0,48.8,35.2,1
EMP00589,Engineering,DevOps Engineer,1,2025-03-10,,18.7,4.66,1.166,4.0,43.8,19.4,0
EMP00590,Engineering,Data Engineer,2,2024-03-21,,30.3,8.75,1.249,4.0,43.3,13.3,0
EMP00591,HR,HR Business Partner,2,2022-10-06,,47.8,8.08,1.154,2.0,41.7,6.7,0
EMP00592,Sales,Sales Executive,4,2026-05-30,2026-06-20,0.7,17.18,0.859,3.0,40.1,1.7,1
EMP00593,Sales,Account Manager,5,2018-01-10,,104.6,33.73,1.054,5.0,47.8,29.4,0
EMP00594,Customer Support,Team Lead - Support,1,2024-11-15,,22.5,3.77,0.942,3.0,46.3,23.3,0
EMP00595,Engineering,QA Engineer,1,2026-03-08,,6.8,4.14,1.034,2.0,47.0,27.7,0
EMP00596,Engineering,Software Engineer,2,2016-04-07,,125.8,6.35,0.907,3.0,44.7,16.0,0
EMP00597,Operations,Process Specialist,2,2026-05-02,,5.0,5.56,0.794,3.0,42.1,7.7,0
EMP00598,Customer Support,Support Specialist,2,2019-12-03,,81.9,6.71,0.959,4.0,50.3,47.0,0
EMP00599,Product,Product Manager,4,2023-01-07,2023-12-04,10.9,21.73,1.087,4.0,47.6,33.5,1
EMP00600,Customer Support,Support Specialist,3,2026-06-22,,3.3,12.41,1.035,1.0,51.4,46.5,0
EMP00601,Sales,Sales Executive,1,2023-02-10,,43.6,4.19,1.048,3.0,46.7,31.5,0
EMP00602,Marketing,Content Specialist,2,2019-06-02,,88.0,7.18,1.026,1.0,49.1,33.9,0
EMP00603,Finance,Financial Analyst,2,2021-03-23,,66.3,7.34,1.049,4.0,41.1,11.9,0
EMP00604,Operations,Process Specialist,2,2023-01-09,,44.7,7.44,1.064,2.0,42.1,7.0,0
EMP00605,HR,HR Generalist,1,2024-03-11,2025-05-31,14.7,3.87,0.967,3.0,48.4,39.6,1
EMP00606,Marketing,Marketing Executive,2,2022-02-15,,55.5,7.07,1.01,3.0,46.8,33.2,0
EMP00607,Finance,Financial Analyst,2,2019-12-17,,81.4,8.46,1.209,3.0,41.7,1.5,0
EMP00608,Engineering,Data Engineer,1,2021-12-14,,57.5,4.07,1.017,3.0,40.3,5.6,0
EMP00609,Operations,Logistics Coordinator,3,2023-11-04,,34.9,12.06,1.005,4.0,42.1,7.5,0
EMP00610,Sales,Account Manager,2,2026-05-24,,4.2,7.09,1.012,3.0,41.9,5.9,0
EMP00611,Customer Support,Team Lead - Support,2,2022-11-21,2023-03-27,4.1,6.82,0.974,2.0,52.8,52.8,1
EMP00612,Operations,Logistics Coordinator,2,2025-03-08,,18.8,6.63,0.948,3.0,46.4,22.6,0
EMP00613,HR,HR Generalist,4,2023-07-16,,38.5,20.5,1.025,3.0,39.6,0.0,0
EMP00614,Product,UX Designer,1,2024-05-09,2025-02-16,9.3,3.76,0.939,3.0,38.3,0.0,1
EMP00615,Sales,Account Manager,1,2016-12-18,,117.4,3.93,0.983,4.0,41.5,6.5,0
EMP00616,Operations,Operations Analyst,2,2025-11-17,2026-04-21,5.1,6.34,0.905,3.0,40.5,6.0,1
EMP00617,Operations,Logistics Coordinator,2,2021-04-07,,65.8,7.09,1.013,4.0,42.2,10.0,0
EMP00618,Sales,Business Development Rep,1,2022-03-19,,54.4,4.28,1.07,2.0,50.0,38.9,0
EMP00619,Engineering,QA Engineer,3,2024-02-15,2025-06-12,15.9,11.69,0.975,4.0,40.7,4.4,1
EMP00620,Engineering,DevOps Engineer,1,2017-04-16,2026-05-03,108.6,3.04,0.759,2.0,55.3,57.0,1
EMP00621,Marketing,Content Specialist,1,2026-06-11,,3.6,4.28,1.071,3.0,38.8,0.0,0
EMP00622,Customer Support,Team Lead - Support,2,2024-06-13,,27.6,7.1,1.014,3.0,38.7,0.0,0
EMP00623,Product,UX Designer,3,2018-11-18,,94.4,10.57,0.881,3.0,50.6,44.8,0
EMP00624,Sales,Sales Executive,4,2023-03-16,,42.5,21.86,1.093,3.0,50.9,44.8,0
EMP00625,Product,Product Manager,3,2017-09-24,2024-07-09,81.5,9.99,0.832,4.0,42.2,10.4,1
EMP00626,Sales,Account Manager,2,2018-10-14,,95.5,7.88,1.125,3.0,46.7,26.7,0
EMP00627,Marketing,Marketing Executive,3,2016-08-05,,121.8,11.92,0.993,5.0,44.8,16.8,0
EMP00628,Engineering,DevOps Engineer,3,2018-07-03,2024-11-09,76.3,8.73,0.728,4.0,45.6,26.9,1
EMP00629,Customer Support,Support Agent,1,2022-10-13,,47.6,4.09,1.021,3.0,39.2,0.0,0
EMP00630,Marketing,Content Specialist,2,2019-09-18,2023-02-16,41.0,6.66,0.951,4.0,32.0,0.0,1
EMP00631,HR,HR Generalist,3,2023-03-24,,42.3,11.2,0.933,3.0,39.2,0.0,0
EMP00632,Marketing,Marketing Executive,2,2025-07-04,,14.9,6.38,0.911,3.0,51.2,46.5,0
EMP00633,Engineering,Data Engineer,3,2025-01-06,,20.8,11.82,0.985,3.0,53.3,51.4,0
EMP00634,Sales,Sales Executive,2,2023-09-30,2024-06-24,8.8,6.59,0.942,4.0,43.8,18.4,1
EMP00635,Engineering,QA Engineer,2,2023-06-27,2024-02-22,7.9,5.44,0.777,1.0,40.7,6.9,1
EMP00636,Engineering,Data Engineer,1,2021-06-08,,63.7,4.61,1.153,3.0,46.3,28.2,0
EMP00637,Operations,Process Specialist,3,2026-07-25,,2.2,11.65,0.971,3.0,45.0,20.5,0
EMP00638,Operations,Operations Analyst,4,2024-04-04,2025-05-12,13.2,18.24,0.912,3.0,45.7,21.5,1
EMP00639,Marketing,Marketing Executive,1,2023-09-16,2024-03-05,5.6,3.46,0.865,3.0,32.0,0.0,1
EMP00640,Finance,Payroll Specialist,2,2017-06-30,,111.0,7.65,1.092,3.0,57.2,65.8,0
EMP00641,Operations,Process Specialist,1,2018-09-22,,96.3,3.38,0.844,4.0,48.1,35.0,0
EMP00642,Marketing,Digital Marketer,1,2022-05-30,2025-05-04,35.2,4.06,1.016,3.0,42.1,9.4,1
EMP00643,Engineering,DevOps Engineer,5,2026-06-05,,3.8,29.76,0.93,3.0,41.8,7.0,0
EMP00644,Engineering,Software Engineer,2,2016-11-06,2026-04-14,113.2,6.56,0.937,5.0,49.4,38.2,1
EMP00645,Customer Support,Team Lead - Support,2,2024-06-04,2025-04-24,10.6,6.07,0.868,4.0,47.2,27.3,1
EMP00646,Finance,Accountant,1,2024-08-04,,25.9,3.7,0.926,1.0,43.4,14.9,0
EMP00647,Engineering,Software Engineer,5,2020-06-14,,75.5,32.03,1.001,3.0,47.1,29.4,0
EMP00648,Customer Support,Team Lead - Support,1,2022-03-14,2025-10-18,43.2,4.11,1.028,2.0,44.5,26.0,1
EMP00649,Operations,Logistics Coordinator,3,2024-02-08,,31.7,10.87,0.906,5.0,44.8,22.4,0
EMP00650,Engineering,Software Engineer,1,2023-02-21,,43.3,3.96,0.989,3.0,48.3,34.7,0
EMP00651,Sales,Sales Executive,1,2026-03-02,,7.0,4.43,1.107,3.0,46.5,27.7,0
EMP00652,Finance,Financial Analyst,3,2025-06-04,2025-11-12,5.3,9.61,0.8,3.0,44.3,22.7,1
EMP00653,Operations,Operations Analyst,1,2023-05-16,2024-02-21,9.2,4.0,0.999,3.0,49.3,34.3,1
EMP00654,Engineering,DevOps Engineer,3,2025-04-18,,17.4,10.63,0.886,2.0,37.8,0.0,0
EMP00655,Finance,Financial Analyst,1,2023-04-06,,41.8,3.49,0.874,4.0,39.4,0.0,0
EMP00656,Sales,Account Manager,3,2025-05-10,2025-11-15,6.2,12.38,1.031,3.0,45.1,22.1,1
EMP00657,Finance,Financial Analyst,3,2023-07-25,,38.2,11.21,0.935,3.0,39.7,1.3,0
EMP00658,Sales,Account Manager,3,2023-01-21,2024-12-10,22.6,10.25,0.854,,43.2,9.8,1
EMP00659,Customer Support,Support Specialist,1,2020-05-07,,76.8,4.64,1.159,2.0,50.8,47.5,0
EMP00660,Sales,Business Development Rep,3,2019-07-08,2024-09-12,62.2,13.32,1.11,2.0,44.3,15.0,1
EMP00661,Engineering,DevOps Engineer,5,2017-06-27,,111.1,24.58,0.768,3.0,36.8,0.0,0
EMP00662,Finance,Financial Analyst,1,2016-04-07,2023-07-16,87.3,3.29,0.823,4.0,41.1,4.8,1
EMP00663,Engineering,DevOps Engineer,1,2019-08-05,,85.8,4.28,1.071,2.0,45.3,26.0,0
EMP00664,Engineering,Software Engineer,3,2024-06-26,,27.1,11.59,0.966,4.0,45.2,18.2,0
EMP00665,Sales,Business Development Rep,1,2018-06-27,,99.1,4.72,1.18,3.0,47.5,30.9,0
EMP00666,Operations,Logistics Coordinator,3,2017-12-01,,106.0,12.89,1.074,3.0,45.1,22.7,0
EMP00667,Marketing,Digital Marketer,3,2019-07-01,,87.0,12.43,1.036,3.0,42.4,11.3,0
EMP00668,Product,UX Designer,1,2022-05-21,2024-03-12,21.7,3.51,0.877,2.0,37.6,0.0,1
EMP00669,Sales,Business Development Rep,2,2023-09-03,2026-06-24,33.7,7.41,1.059,3.0,43.0,14.3,1
EMP00670,Sales,Business Development Rep,2,2018-05-08,2024-12-11,79.1,5.93,0.847,4.0,42.2,7.1,1
EMP00671,Engineering,Data Engineer,2,2017-03-13,2023-02-16,71.2,8.1,1.157,3.0,43.7,19.9,1
EMP00672,Customer Support,Support Specialist,4,2025-09-24,,12.2,21.01,1.051,3.0,48.1,32.1,0
EMP00673,Product,UX Designer,1,2018-04-26,2026-06-14,97.6,3.6,0.901,5.0,44.8,18.5,1
EMP00674,Operations,Operations Analyst,2,2023-09-25,,36.2,7.68,1.097,1.0,46.7,30.8,0
EMP00675,Customer Support,Team Lead - Support,4,2025-05-18,,16.4,25.38,1.269,3.0,43.3,11.3,0
EMP00676,Sales,Sales Executive,1,2019-12-14,,81.5,3.9,0.974,3.0,51.8,48.2,0
EMP00677,Finance,Payroll Specialist,3,2025-07-13,,14.6,12.79,1.066,2.0,46.0,21.8,0
EMP00678,Customer Support,Support Agent,1,2016-12-06,2026-06-12,114.2,3.79,0.948,5.0,45.5,29.6,1
EMP00679,Engineering,DevOps Engineer,2,2019-06-18,,87.4,7.07,1.01,5.0,47.7,37.7,0
EMP00680,Sales,Sales Executive,1,2020-12-10,2023-04-01,27.7,3.28,0.819,3.0,42.0,7.7,1
EMP00681,Engineering,Software Engineer,3,2021-08-20,,61.3,12.0,1.0,5.0,35.5,0.0,0
EMP00682,Engineering,Data Engineer,3,2019-03-30,,90.1,12.06,1.005,1.0,42.3,9.2,0
EMP00683,Engineering,Data Engineer,4,2019-10-12,,83.6,24.32,1.216,5.0,48.4,32.6,0
EMP00684,Sales,Sales Executive,5,2019-01-09,,92.7,25.11,0.785,4.0,45.4,22.0,0
EMP00685,Customer Support,Support Agent,3,2021-07-09,2024-11-30,40.7,11.6,0.966,3.0,44.4,17.5,1
EMP00686,Sales,Business Development Rep,3,2023-06-07,2023-10-05,3.9,13.85,1.155,3.0,41.2,0.2,1
EMP00687,Sales,Business Development Rep,2,2016-06-18,2024-03-14,92.8,6.8,0.971,4.0,36.2,0.0,1
EMP00688,HR,HR Generalist,4,2021-02-07,,67.7,19.59,0.979,3.0,49.4,37.5,0
EMP00689,Operations,Logistics Coordinator,3,2022-12-01,2024-11-02,23.1,10.8,0.9,3.0,42.1,9.3,1
EMP00690,Customer Support,Support Agent,4,2023-09-13,,36.6,17.76,0.888,3.0,43.1,12.2,0
EMP00691,Sales,Business Development Rep,1,2025-07-04,2026-02-27,7.8,3.12,0.781,2.0,42.0,6.9,1
EMP00692,Finance,Financial Analyst,2,2021-08-07,,61.8,6.47,0.924,2.0,48.6,37.0,0
EMP00693,Engineering,Software Engineer,3,2024-03-17,,30.5,10.58,0.881,3.0,49.0,37.6,0
EMP00694,Sales,Sales Executive,1,2020-01-13,,80.6,4.06,1.014,4.0,40.6,6.6,0
EMP00695,Finance,Financial Analyst,1,2022-01-18,,56.4,3.62,0.905,3.0,48.2,34.3,0
EMP00696,Customer Support,Team Lead - Support,5,2019-05-29,,88.1,30.16,0.942,3.0,44.3,16.6,0
EMP00697,Operations,Operations Analyst,2,2024-04-06,2025-05-07,13.0,6.62,0.946,2.0,40.3,3.1,1
EMP00698,Customer Support,Team Lead - Support,1,2017-04-28,,113.1,3.98,0.994,2.0,43.7,8.9,0
EMP00699,Operations,Logistics Coordinator,2,2019-09-25,,84.2,6.56,0.937,3.0,39.5,4.3,0
EMP00700,Sales,Business Development Rep,2,2026-03-10,2026-05-27,2.6,6.11,0.873,2.0,39.1,0.0,1
EMP00701,Engineering,Data Engineer,3,2018-05-31,2023-03-02,57.0,12.12,1.01,3.0,48.5,40.6,1
EMP00702,Sales,Sales Executive,4,2020-06-21,2026-09-12,74.7,22.56,1.128,3.0,44.0,13.4,1
EMP00703,Engineering,Software Engineer,5,2021-05-01,,65.0,32.49,1.015,3.0,47.8,27.8,0
EMP00704,Finance,Payroll Specialist,3,2026-01-17,,8.4,11.12,0.927,3.0,44.3,18.3,0
EMP00705,Sales,Sales Executive,3,2025-11-03,,10.9,11.82,0.985,4.0,47.5,31.1,0
EMP00706,Customer Support,Support Agent,2,2025-07-31,2026-05-10,9.3,5.28,0.754,2.0,35.8,0.0,1
EMP00707,Marketing,Content Specialist,4,2019-07-02,,87.0,19.67,0.983,4.0,39.1,0.0,0
EMP00708,Marketing,Digital Marketer,1,2023-06-19,,39.4,3.81,0.952,3.0,45.6,20.5,0
EMP00709,Sales,Business Development Rep,1,2023-03-25,2024-05-19,13.8,3.55,0.888,1.0,39.3,0.0,1
EMP00710,Sales,Account Manager,5,2017-02-27,2024-08-11,89.4,29.11,0.91,3.0,46.7,27.6,1
EMP00711,Product,Product Analyst,4,2026-04-25,,5.2,19.02,0.951,3.0,36.7,0.0,0
EMP00712,Operations,Logistics Coordinator,2,2016-09-01,,120.9,7.83,1.119,3.0,43.1,8.3,0
EMP00713,Marketing,Digital Marketer,3,2025-05-10,2026-04-27,11.6,13.57,1.131,4.0,50.2,39.7,1
EMP00714,Finance,Accountant,2,2022-12-15,2026-05-06,40.7,6.22,0.889,4.0,46.5,27.3,1
EMP00715,Marketing,Content Specialist,2,2026-04-26,,5.2,6.56,0.938,3.0,34.7,0.0,0
EMP00716,Engineering,Software Engineer,1,2025-06-21,,15.3,3.76,0.941,5.0,48.8,38.1,0
EMP00717,Customer Support,Support Agent,1,2024-07-20,,26.3,4.39,1.097,3.0,53.2,57.1,0
EMP00718,Engineering,Software Engineer,2,2025-12-29,,9.0,7.12,1.017,1.0,57.6,72.4,0
EMP00719,Operations,Process Specialist,2,2023-10-15,2024-09-18,11.1,7.08,1.011,4.0,45.1,21.5,1
EMP00720,HR,HR Business Partner,2,2025-10-21,,11.3,7.45,1.064,3.0,36.9,0.0,0
EMP00721,Customer Support,Support Agent,1,2025-06-16,,15.5,3.71,0.928,2.0,47.0,24.0,0
EMP00722,Sales,Business Development Rep,4,2024-08-16,2025-02-10,5.8,23.27,1.164,2.0,52.2,47.6,1
EMP00723,Engineering,DevOps Engineer,3,2024-11-08,2025-01-19,2.4,12.0,1.0,3.0,44.2,15.8,1
EMP00724,HR,HR Business Partner,4,2023-11-11,,34.6,17.95,0.897,3.0,47.7,33.5,0
EMP00725,Engineering,Data Engineer,1,2024-06-24,2025-03-18,8.8,3.89,0.972,3.0,41.2,1.9,1
EMP00726,Engineering,Software Engineer,3,2022-06-28,2024-10-08,27.4,13.77,1.148,3.0,46.7,29.1,1
EMP00727,Engineering,DevOps Engineer,4,2023-06-29,,39.1,18.98,0.949,4.0,33.8,0.0,0
EMP00728,Engineering,DevOps Engineer,2,2025-03-22,,18.3,7.8,1.114,5.0,40.7,5.2,0
EMP00729,Sales,Sales Executive,1,2018-12-15,,93.5,3.7,0.925,2.0,45.0,22.4,0
EMP00730,Customer Support,Support Agent,1,2022-08-21,2025-09-11,36.7,3.63,0.908,2.0,43.4,18.2,1
EMP00731,Sales,Business Development Rep,1,2021-01-23,,68.2,4.32,1.079,3.0,39.1,0.0,0
EMP00732,Engineering,DevOps Engineer,2,2026-04-13,,5.6,6.27,0.895,2.0,42.8,12.8,0
EMP00733,Engineering,QA Engineer,2,2026-05-27,2026-06-03,0.2,7.69,1.099,3.0,46.5,23.8,1
EMP00734,Sales,Sales Executive,1,2016-09-05,2023-06-29,81.7,4.17,1.042,3.0,44.6,15.5,1
EMP00735,Engineering,Data Engineer,3,2024-01-30,2025-11-27,21.9,10.74,0.895,4.0,45.3,26.5,1
EMP00736,Operations,Operations Analyst,1,2025-04-23,,17.2,3.97,0.991,3.0,46.3,22.8,0
EMP00737,Engineering,Software Engineer,2,2018-05-16,2024-03-29,70.4,6.54,0.934,3.0,43.5,15.9,1
EMP00738,Sales,Account Manager,3,2025-07-07,2026-06-26,11.6,12.5,1.042,3.0,51.1,46.0,1
EMP00739,Sales,Business Development Rep,1,2025-12-31,,9.0,4.91,1.227,4.0,40.5,5.5,0
EMP00740,Sales,Sales Executive,1,2025-06-21,2026-02-20,8.0,3.82,0.956,3.0,53.7,49.8,1
EMP00741,Engineering,QA Engineer,1,2024-11-17,,22.4,4.26,1.064,4.0,50.0,42.7,0
EMP00742,Engineering,QA Engineer,1,2025-11-16,,10.4,4.01,1.003,4.0,43.4,13.4,0
EMP00743,Finance,Accountant,2,2022-03-27,,54.1,7.02,1.003,3.0,41.7,5.0,0
EMP00744,Engineering,DevOps Engineer,1,2016-02-23,2025-08-23,114.0,3.92,0.98,3.0,45.9,22.8,1
EMP00745,Customer Support,Support Agent,1,2025-03-21,2025-07-28,4.2,3.59,0.897,3.0,47.7,33.9,1
EMP00746,Customer Support,Support Agent,5,2025-10-17,,11.4,33.29,1.04,3.0,49.9,41.8,0
EMP00747,Sales,Sales Executive,4,2021-07-21,,62.3,19.31,0.965,3.0,39.0,0.0,0
EMP00748,Sales,Business Development Rep,1,2024-02-06,2025-02-26,12.7,3.57,0.891,3.0,47.0,24.6,1
EMP00749,Marketing,Digital Marketer,2,2020-05-15,,76.5,7.85,1.122,4.0,33.5,0.0,0
EMP00750,Finance,Financial Analyst,2,2023-10-06,2024-09-03,10.9,7.08,1.012,1.0,42.2,11.1,1
EMP00751,Engineering,QA Engineer,4,2021-08-15,2024-03-11,30.9,19.45,0.973,3.0,51.5,42.2,1
EMP00752,Sales,Business Development Rep,3,2023-08-24,,37.2,13.93,1.161,,38.6,0.0,0
EMP00753,Engineering,Software Engineer,1,2025-08-12,,13.6,3.12,0.78,3.0,37.8,0.0,0
EMP00754,Sales,Account Manager,1,2023-12-25,,33.2,4.61,1.153,3.0,46.0,25.4,0
EMP00755,Operations,Process Specialist,2,2019-05-20,,88.4,6.26,0.894,3.0,49.2,39.0,0
EMP00756,Engineering,DevOps Engineer,4,2023-02-14,,43.5,20.51,1.025,3.0,46.5,22.8,0
EMP00757,Sales,Sales Executive,4,2023-05-06,,40.8,18.59,0.929,3.0,36.4,0.0,0
EMP00758,HR,HR Business Partner,1,2023-03-11,2024-02-04,10.8,3.56,0.889,3.0,35.4,0.0,1
EMP00759,Engineering,DevOps Engineer,2,2024-09-17,,24.4,8.1,1.158,4.0,45.4,20.8,0
EMP00760,Sales,Business Development Rep,1,2018-11-06,,94.8,4.89,1.223,2.0,39.7,2.3,0
EMP00761,Operations,Operations Analyst,3,2025-11-01,,10.9,11.68,0.973,4.0,43.6,14.8,0
EMP00762,Engineering,DevOps Engineer,4,2024-11-15,,22.5,20.81,1.04,3.0,45.9,34.3,0
EMP00763,Engineering,Data Engineer,2,2024-08-14,,25.5,7.05,1.007,4.0,42.8,9.8,0
EMP00764,Engineering,QA Engineer,1,2024-08-31,,25.0,4.83,1.208,,53.2,54.0,0
EMP00765,Finance,Payroll Specialist,2,2026-07-12,,2.6,5.22,0.746,3.0,45.7,20.4,0
EMP00766,Engineering,Software Engineer,2,2023-01-19,2024-03-22,14.1,7.32,1.045,1.0,50.5,45.4,1
EMP00767,Engineering,DevOps Engineer,3,2025-04-23,2025-05-20,0.9,10.95,0.913,4.0,49.1,38.0,1
EMP00768,Engineering,DevOps Engineer,2,2025-12-30,,9.0,5.02,0.717,3.0,44.3,14.6,0
EMP00769,Engineering,Software Engineer,4,2024-11-03,,22.9,19.13,0.957,3.0,44.1,15.7,0
EMP00770,Customer Support,Support Agent,1,2023-12-16,2025-12-06,23.7,4.89,1.222,4.0,43.7,19.2,1
EMP00771,Engineering,DevOps Engineer,1,2022-06-05,2026-09-05,51.0,3.69,0.921,3.0,48.1,36.5,1
EMP00772,Customer Support,Support Agent,2,2022-02-08,2024-06-25,28.5,7.66,1.095,3.0,42.1,4.5,1
EMP00773,Customer Support,Support Specialist,1,2020-06-28,,75.1,4.58,1.144,4.0,52.8,50.1,0
EMP00774,Finance,Accountant,1,2025-01-23,,20.2,3.99,0.998,2.0,39.6,4.2,0
EMP00775,Engineering,Data Engineer,3,2023-03-09,2023-09-10,6.1,12.17,1.014,5.0,46.0,23.8,1
EMP00776,Finance,Financial Analyst,1,2023-12-30,,33.0,3.18,0.794,4.0,42.0,8.9,0
EMP00777,Customer Support,Team Lead - Support,1,2024-08-28,,25.1,3.66,0.914,5.0,43.0,15.4,0
EMP00778,Engineering,Software Engineer,1,2024-10-25,2025-02-23,4.0,4.44,1.109,4.0,54.8,55.5,1
EMP00779,Marketing,Marketing Executive,1,2025-11-03,,10.9,4.03,1.007,3.0,41.0,1.5,0
EMP00780,Finance,Financial Analyst,4,2019-09-22,,84.3,20.88,1.044,3.0,41.6,5.7,0
EMP00781,Engineering,DevOps Engineer,4,2016-06-29,2024-01-06,90.3,20.32,1.016,2.0,42.0,11.9,1
EMP00782,Finance,Payroll Specialist,1,2022-12-20,,45.3,5.05,1.263,4.0,43.2,16.2,0
EMP00783,Sales,Business Development Rep,3,2016-12-17,2025-06-17,102.0,11.38,0.948,2.0,44.5,20.5,1
EMP00784,Customer Support,Team Lead - Support,3,2023-05-22,,40.3,14.31,1.193,4.0,40.0,0.0,0
EMP00785,Product,Product Analyst,5,2023-11-15,2024-01-08,1.8,32.51,1.016,3.0,41.1,8.1,1
EMP00786,Sales,Sales Executive,2,2022-05-04,2023-03-15,10.3,8.42,1.203,2.0,47.7,30.6,1
EMP00787,Marketing,Digital Marketer,1,2026-03-21,,6.3,3.41,0.853,2.0,47.6,32.4,0
EMP00788,Sales,Account Manager,2,2025-10-23,2026-07-15,8.7,7.16,1.022,4.0,45.1,23.4,1
EMP00789,Marketing,Digital Marketer,4,2024-06-07,,27.8,19.06,0.953,2.0,43.3,18.6,0
EMP00790,Customer Support,Support Specialist,3,2022-04-03,2025-03-16,35.4,12.2,1.017,2.0,43.4,13.7,1
EMP00791,Engineering,Software Engineer,2,2020-06-24,,75.2,8.03,1.147,2.0,42.7,10.0,0
EMP00792,Sales,Account Manager,1,2020-12-10,2026-07-10,67.0,4.18,1.045,3.0,40.9,7.8,1
EMP00793,Sales,Business Development Rep,3,2021-06-04,2023-08-17,26.4,13.76,1.146,5.0,38.0,0.0,1
EMP00794,Engineering,DevOps Engineer,4,2023-11-04,2025-01-11,14.3,18.39,0.92,3.0,41.8,5.9,1
EMP00795,Engineering,Software Engineer,2,2019-07-24,,86.2,6.31,0.901,3.0,49.1,33.4,0
EMP00796,Sales,Sales Executive,3,2018-05-18,,100.4,12.02,1.002,2.0,43.1,16.4,0
EMP00797,Engineering,Data Engineer,2,2017-10-20,,107.3,6.97,0.995,1.0,43.4,9.0,0
EMP00798,Engineering,Data Engineer,2,2026-02-11,,7.6,6.84,0.978,3.0,43.4,8.8,0
EMP00799,Operations,Process Specialist,2,2023-07-10,2024-01-08,6.0,6.19,0.885,2.0,48.6,33.9,1
EMP00800,Operations,Operations Analyst,3,2021-07-03,2025-06-18,47.5,13.73,1.144,1.0,38.8,0.0,1
EMP00801,Operations,Logistics Coordinator,5,2025-10-24,,11.2,30.61,0.956,2.0,44.2,13.6,0
EMP00802,Sales,Business Development Rep,2,2023-03-22,,42.3,8.2,1.171,3.0,44.7,19.5,0
EMP00803,Finance,Financial Analyst,2,2019-04-18,2023-07-12,50.8,7.01,1.002,4.0,43.3,14.0,1
EMP00804,Customer Support,Support Specialist,2,2016-07-10,2023-09-05,85.8,7.54,1.078,2.0,46.1,23.0,1
EMP00805,Engineering,QA Engineer,1,2023-01-31,,44.0,4.27,1.067,3.0,45.3,27.3,0
EMP00806,Engineering,Software Engineer,1,2023-11-20,2024-09-09,9.7,3.6,0.901,3.0,48.6,35.7,1
EMP00807,Operations,Operations Analyst,1,2025-09-19,2026-01-16,3.9,4.18,1.044,4.0,42.9,15.0,1
EMP00808,Engineering,DevOps Engineer,2,2023-09-17,2024-02-24,5.3,8.62,1.231,2.0,52.8,46.8,1
EMP00809,Customer Support,Support Agent,1,2022-02-13,,55.5,4.12,1.03,4.0,45.2,16.4,0
EMP00810,Product,Product Analyst,2,2024-09-12,2025-05-18,8.1,7.76,1.108,4.0,35.3,0.0,1
EMP00811,Engineering,QA Engineer,3,2023-04-24,2023-12-16,7.8,13.0,1.083,5.0,47.9,37.2,1
EMP00812,Engineering,Data Engineer,1,2025-07-03,,14.9,4.15,1.037,4.0,46.8,24.2,0
EMP00813,Product,Product Manager,2,2025-11-10,,10.6,7.16,1.022,2.0,43.1,12.8,0
EMP00814,Customer Support,Support Specialist,4,2026-07-11,,2.7,21.31,1.066,5.0,43.8,11.5,0
EMP00815,Engineering,DevOps Engineer,2,2016-03-17,,126.5,7.64,1.092,4.0,35.5,0.0,0
EMP00816,Finance,Accountant,1,2024-02-05,2025-01-06,11.0,3.35,0.838,3.0,34.2,0.0,1
EMP00817,Finance,Accountant,2,2024-02-19,2025-04-23,14.1,7.21,1.03,2.0,50.4,40.1,1
EMP00818,Customer Support,Support Agent,2,2022-01-03,2025-07-20,42.5,6.85,0.978,5.0,42.4,5.7,1
EMP00819,Customer Support,Team Lead - Support,2,2022-11-21,2026-04-21,41.0,6.67,0.953,2.0,49.3,33.2,1
EMP00820,Engineering,Data Engineer,1,2023-01-31,2023-10-28,8.9,4.62,1.156,4.0,37.8,0.0,1
EMP00821,Engineering,QA Engineer,2,2026-06-21,,3.3,6.38,0.912,3.0,40.3,2.6,0
EMP00822,Customer Support,Support Agent,2,2023-05-20,2024-03-03,9.5,5.83,0.833,4.0,48.1,34.2,1
EMP00823,Sales,Sales Executive,1,2018-10-17,,95.4,4.38,1.095,2.0,44.5,19.8,0
EMP00824,Operations,Process Specialist,2,2026-01-04,2026-05-11,4.2,5.81,0.83,4.0,45.4,18.9,1
EMP00825,Marketing,Content Specialist,1,2024-12-21,2026-09-24,21.1,3.07,0.769,3.0,42.9,14.6,1
EMP00826,Engineering,Data Engineer,2,2021-05-30,,64.0,7.76,1.109,4.0,44.1,18.5,0
EMP00827,Customer Support,Support Specialist,3,2021-11-06,2024-02-20,27.5,12.23,1.019,2.0,41.9,7.6,1
EMP00828,Engineering,DevOps Engineer,1,2024-06-23,,27.2,4.23,1.057,2.0,39.6,0.0,0
EMP00829,Finance,Financial Analyst,2,2024-05-06,,28.8,6.63,0.947,2.0,49.3,35.3,0
EMP00830,Engineering,QA Engineer,2,2024-09-30,2024-12-31,3.0,5.84,0.834,2.0,52.1,49.0,1
EMP00831,Customer Support,Team Lead - Support,2,2026-07-22,,2.3,6.0,0.858,5.0,40.3,6.1,0
EMP00832,Customer Support,Team Lead - Support,4,2024-03-30,,30.0,19.35,0.967,2.0,40.0,3.4,0
EMP00833,Sales,Business Development Rep,2,2023-10-21,2025-04-18,17.9,5.93,0.847,3.0,43.4,12.8,1
EMP00834,Operations,Process Specialist,1,2025-01-26,,20.1,4.15,1.037,4.0,44.5,19.6,0
EMP00835,Operations,Operations Analyst,4,2023-09-19,2025-04-07,18.6,18.89,0.945,3.0,42.2,5.5,1
EMP00836,Customer Support,Support Agent,3,2025-10-29,,11.0,12.27,1.022,3.0,47.2,31.0,0
EMP00837,Operations,Logistics Coordinator,3,2023-08-14,,37.6,12.22,1.019,3.0,42.8,8.7,0
EMP00838,Product,Product Analyst,1,2026-05-30,,4.0,4.19,1.046,3.0,42.5,12.1,0
EMP00839,Sales,Account Manager,1,2023-08-18,,37.4,4.24,1.06,4.0,55.9,72.5,0
EMP00840,Customer Support,Support Agent,3,2024-12-03,2026-01-12,13.3,11.5,0.959,3.0,42.6,8.7,1
EMP00841,Engineering,QA Engineer,1,2025-06-29,,15.0,4.09,1.022,3.0,52.4,58.4,0
EMP00842,Marketing,Content Specialist,1,2026-05-28,2026-09-18,3.7,4.11,1.028,3.0,49.5,39.5,1
EMP00843,Customer Support,Support Specialist,3,2022-05-08,2026-07-30,50.7,8.5,0.709,4.0,47.3,27.0,1
EMP00844,Sales,Business Development Rep,1,2025-08-08,,13.7,4.31,1.078,3.0,36.3,0.0,0
EMP00845,Engineering,DevOps Engineer,1,2026-04-24,,5.2,4.07,1.018,4.0,45.1,27.5,0
EMP00846,Finance,Financial Analyst,1,2020-01-21,,80.3,4.27,1.068,3.0,40.7,4.3,0
EMP00847,Sales,Sales Executive,2,2017-04-09,,113.7,5.92,0.846,3.0,45.1,18.7,0
EMP00848,Operations,Logistics Coordinator,2,2025-06-06,2026-04-20,10.4,6.73,0.962,4.0,38.2,0.0,1
EMP00849,Engineering,Software Engineer,4,2026-06-28,2026-07-05,0.2,17.38,0.869,2.0,48.4,34.9,1
EMP00850,HR,HR Generalist,1,2020-07-26,,74.2,4.36,1.089,3.0,47.4,29.6,0
EMP00851,Engineering,QA Engineer,1,2026-05-17,,4.5,3.33,0.831,2.0,50.3,42.2,0
EMP00852,Engineering,Software Engineer,2,2016-05-07,,124.8,6.22,0.889,4.0,43.3,18.5,0
EMP00853,Finance,Financial Analyst,2,2021-02-01,,67.9,7.45,1.064,3.0,38.2,0.0,0
EMP00854,Finance,Accountant,2,2026-07-14,,2.6,6.47,0.924,3.0,44.6,20.3,0
EMP00855,Engineering,Data Engineer,4,2019-01-27,,92.1,17.77,0.889,2.0,52.9,51.4,0
EMP00856,Sales,Business Development Rep,2,2024-07-24,2025-03-07,7.4,7.76,1.109,5.0,45.3,19.7,1
EMP00857,Operations,Operations Analyst,2,2021-11-12,,58.6,7.8,1.114,3.0,45.0,23.2,0
EMP00858,Finance,Financial Analyst,5,2017-06-30,2024-12-02,89.1,34.77,1.087,3.0,41.9,3.2,1
EMP00859,Sales,Account Manager,1,2019-11-21,,82.3,4.41,1.102,2.0,42.7,3.7,0
EMP00860,Customer Support,Support Specialist,4,2018-08-03,2023-04-02,56.0,19.44,0.972,3.0,48.0,32.7,1
EMP00861,Operations,Logistics Coordinator,2,2025-09-11,,12.6,6.83,0.975,3.0,42.5,9.6,0
EMP00862,Operations,Process Specialist,2,2019-10-21,2023-10-28,48.2,6.46,0.922,4.0,44.8,15.1,1
EMP00863,Marketing,Content Specialist,4,2019-07-25,,86.2,20.4,1.02,3.0,45.3,16.1,0
EMP00864,Customer Support,Support Agent,2,2017-11-15,2023-11-29,72.4,6.56,0.937,1.0,46.6,32.2,1
EMP00865,Engineering,QA Engineer,2,2024-04-26,,29.1,6.64,0.948,3.0,47.5,31.4,0
EMP00866,Finance,Accountant,1,2022-02-23,2026-07-20,52.8,4.29,1.072,3.0,39.2,0.0,1
EMP00867,Finance,Financial Analyst,3,2020-08-29,,73.0,13.71,1.142,1.0,38.9,2.2,0
EMP00868,Marketing,Marketing Executive,2,2025-08-17,2026-02-10,5.8,7.33,1.048,3.0,42.8,14.3,1
EMP00869,Engineering,Software Engineer,1,2024-09-18,2026-06-27,21.3,4.86,1.215,3.0,44.9,24.9,1
EMP00870,Engineering,Data Engineer,3,2024-05-08,,28.7,10.98,0.915,4.0,42.6,6.9,0
EMP00871,Operations,Operations Analyst,3,2025-10-29,,11.0,9.35,0.779,3.0,44.1,12.7,0
EMP00872,Engineering,DevOps Engineer,2,2018-06-05,,99.8,7.6,1.086,3.0,49.1,38.3,0
EMP00873,Product,UX Designer,1,2025-04-07,2026-02-03,9.9,3.63,0.907,5.0,48.3,34.4,1
EMP00874,Sales,Account Manager,2,2017-11-05,,106.8,6.77,0.967,3.0,51.4,49.3,0
EMP00875,Operations,Process Specialist,1,2024-05-25,2025-01-06,7.4,3.15,0.788,2.0,37.1,0.0,1
EMP00876,Finance,Accountant,1,2025-01-16,,20.4,3.57,0.892,3.0,37.8,0.0,0
EMP00877,Sales,Sales Executive,2,2024-08-21,,25.3,5.74,0.82,5.0,43.7,17.8,0
EMP00878,Sales,Sales Executive,1,2022-01-18,,56.4,3.79,0.948,3.0,45.4,24.4,0
EMP00879,Customer Support,Support Specialist,1,2023-11-08,2025-10-17,23.3,3.81,0.953,3.0,43.9,14.4,1
EMP00880,Customer Support,Support Specialist,3,2024-04-01,,30.0,12.13,1.011,3.0,42.5,11.6,0
EMP00881,Sales,Business Development Rep,2,2025-07-02,,14.9,8.04,1.149,3.0,43.6,12.1,0
EMP00882,Customer Support,Support Specialist,5,2019-11-09,,82.7,34.6,1.081,2.0,47.2,27.9,0
EMP00883,HR,HR Generalist,4,2023-07-07,2025-01-16,18.4,16.11,0.805,3.0,37.0,0.0,1
EMP00884,Sales,Business Development Rep,2,2023-12-12,2024-06-09,5.9,7.51,1.073,4.0,55.5,59.7,1
EMP00885,Engineering,DevOps Engineer,5,2025-01-01,,20.9,32.43,1.013,4.0,45.1,19.7,0
EMP00886,Sales,Business Development Rep,4,2019-02-19,,91.3,19.77,0.988,2.0,49.7,37.3,0
EMP00887,Sales,Account Manager,2,2021-12-25,2025-06-28,42.1,6.98,0.997,3.0,42.4,7.3,1
EMP00888,Engineering,QA Engineer,3,2024-10-08,,23.7,12.29,1.025,,47.6,26.5,0
EMP00889,Engineering,QA Engineer,1,2023-05-17,2024-02-02,8.6,3.67,0.917,3.0,45.5,27.9,1
EMP00890,Operations,Process Specialist,3,2024-10-01,,24.0,11.74,0.978,3.0,46.9,26.1,0
EMP00891,Sales,Sales Executive,2,2025-04-16,2026-04-27,12.4,7.99,1.142,3.0,44.1,17.4,1
EMP00892,HR,HR Business Partner,1,2018-02-05,2025-08-14,90.3,3.66,0.916,4.0,50.0,34.7,1
EMP00893,Engineering,Software Engineer,1,2026-04-17,,5.5,3.51,0.876,3.0,38.3,0.0,0
EMP00894,Engineering,QA Engineer,4,2024-05-19,,28.4,19.85,0.993,3.0,49.3,37.7,0
EMP00895,Operations,Operations Analyst,2,2026-08-02,,1.9,6.05,0.864,4.0,43.5,12.7,0
EMP00896,Finance,Financial Analyst,1,2023-07-09,2023-08-16,1.2,3.17,0.793,3.0,38.4,0.0,1
EMP00897,Engineering,DevOps Engineer,1,2025-04-17,,17.4,3.83,0.959,4.0,53.8,57.8,0
EMP00898,Engineering,Data Engineer,2,2026-05-01,,5.0,8.22,1.174,4.0,53.3,44.3,0
EMP00899,Engineering,Data Engineer,4,2026-06-06,,3.8,19.91,0.995,3.0,35.7,0.0,0
EMP00900,Customer Support,Support Agent,3,2026-04-18,,5.4,12.26,1.021,3.0,45.8,22.8,0
EMP00901,Sales,Sales Executive,2,2022-02-03,2023-07-04,17.0,5.21,0.744,3.0,48.2,32.4,1
EMP00902,Engineering,Data Engineer,1,2026-05-14,,4.6,4.21,1.053,4.0,47.0,35.5,0
EMP00903,Engineering,QA Engineer,1,2020-02-18,,79.4,4.04,1.011,2.0,51.8,46.2,0
EMP00904,Customer Support,Support Agent,2,2024-03-04,2025-03-19,12.5,6.44,0.92,5.0,50.9,46.6,1
EMP00905,HR,HR Business Partner,3,2026-08-15,,1.5,12.26,1.022,,44.2,22.2,0
EMP00906,Operations,Logistics Coordinator,3,2026-05-28,,4.1,12.24,1.02,4.0,53.2,54.8,0
EMP00907,Customer Support,Support Agent,2,2026-06-28,,3.1,6.11,0.873,3.0,49.2,34.8,0
EMP00908,Engineering,Data Engineer,2,2022-09-16,2024-07-14,21.9,7.28,1.04,5.0,43.4,9.7,1
EMP00909,Engineering,DevOps Engineer,2,2018-01-17,,104.4,8.01,1.144,1.0,42.5,12.2,0
EMP00910,Sales,Account Manager,2,2022-05-17,,52.5,6.81,0.973,3.0,50.6,47.3,0
EMP00911,Marketing,Digital Marketer,2,2024-07-19,,26.4,6.27,0.896,4.0,39.4,0.0,0
EMP00912,Finance,Financial Analyst,3,2024-01-20,,32.3,11.74,0.979,3.0,41.2,8.5,0
EMP00913,Finance,Financial Analyst,2,2016-11-03,,118.9,7.72,1.103,3.0,41.9,15.4,0
EMP00914,Product,Product Manager,4,2025-05-20,2025-09-18,4.0,17.06,0.853,4.0,44.6,20.9,1
EMP00915,Product,Product Analyst,2,2026-07-09,,2.7,7.49,1.069,4.0,42.1,5.1,0
EMP00916,HR,HR Generalist,1,2025-03-29,,18.1,3.67,0.919,2.0,37.1,0.0,0
EMP00917,Engineering,Data Engineer,1,2025-12-31,,9.0,4.12,1.029,3.0,50.2,44.9,0
EMP00918,Engineering,Software Engineer,2,2017-05-13,2026-07-17,110.1,6.53,0.932,3.0,43.2,12.1,1
EMP00919,Sales,Account Manager,2,2016-10-05,2023-03-04,76.9,6.52,0.932,3.0,54.1,60.9,1
EMP00920,Customer Support,Support Agent,2,2023-12-11,,33.6,8.28,1.183,3.0,46.4,25.4,0
EMP00921,Engineering,Software Engineer,3,2024-02-20,,31.3,9.97,0.831,2.0,50.7,43.8,0
EMP00922,Finance,Financial Analyst,1,2025-09-02,,12.9,4.23,1.058,3.0,45.8,22.1,0
EMP00923,Customer Support,Team Lead - Support,3,2021-07-13,2023-12-24,29.4,14.49,1.208,3.0,50.9,44.1,1
EMP00924,Customer Support,Support Specialist,3,2024-04-01,,30.0,12.99,1.082,4.0,47.6,31.0,0
EMP00925,Engineering,Software Engineer,2,2017-08-18,,109.4,5.88,0.84,3.0,46.1,19.6,0
EMP00926,Engineering,Software Engineer,2,2024-12-09,,21.7,5.92,0.846,3.0,49.9,38.3,0
EMP00927,Engineering,Software Engineer,1,2025-04-01,,18.0,3.64,0.91,5.0,56.2,61.1,0
EMP00928,Finance,Payroll Specialist,2,2021-08-15,,61.5,7.13,1.019,4.0,41.8,6.0,0
EMP00929,Customer Support,Support Agent,3,2025-10-09,,11.7,12.33,1.027,3.0,48.6,32.0,0
EMP00930,Operations,Logistics Coordinator,4,2025-06-26,,15.1,16.95,0.847,5.0,43.0,15.0,0
EMP00931,Sales,Sales Executive,2,2021-07-11,,62.7,6.27,0.895,3.0,47.3,32.3,0
EMP00932,Sales,Account Manager,1,2023-11-30,2024-09-24,9.8,3.61,0.903,3.0,45.2,22.5,1
EMP00933,Sales,Business Development Rep,3,2020-04-06,,77.8,11.74,0.978,3.0,35.3,0.0,0
EMP00934,Marketing,Content Specialist,3,2023-12-04,,33.9,14.86,1.238,2.0,42.1,8.1,0
EMP00935,Marketing,Content Specialist,2,2016-12-13,2025-10-08,105.8,6.22,0.888,3.0,47.5,26.0,1
EMP00936,Engineering,Software Engineer,3,2025-08-12,2026-01-16,5.2,10.59,0.883,3.0,41.6,6.0,1
EMP00937,HR,HR Generalist,1,2021-07-01,2023-04-12,21.4,3.46,0.864,4.0,47.1,30.3,1
EMP00938,Engineering,DevOps Engineer,1,2018-01-07,2025-05-15,88.2,4.31,1.076,3.0,45.8,26.2,1
EMP00939,Finance,Accountant,1,2021-08-20,,61.3,3.98,0.995,2.0,42.1,9.8,0
EMP00940,Engineering,QA Engineer,1,2016-01-13,,128.6,3.57,0.892,3.0,49.1,40.2,0
EMP00941,Engineering,QA Engineer,4,2025-06-29,2026-04-09,9.3,19.13,0.956,2.0,48.1,33.2,1
EMP00942,Finance,Accountant,2,2024-03-30,2025-11-30,20.0,6.34,0.905,5.0,44.9,18.9,1
EMP00943,Engineering,DevOps Engineer,1,2020-11-05,2024-11-05,48.0,4.14,1.036,4.0,49.6,41.0,1
EMP00944,Sales,Business Development Rep,2,2026-06-20,,3.4,9.25,1.322,4.0,45.9,26.3,0
EMP00945,Sales,Sales Executive,2,2024-08-27,2025-05-29,9.0,7.46,1.066,4.0,37.6,0.0,1
EMP00946,Engineering,Data Engineer,2,2026-04-25,,5.2,6.92,0.989,3.0,43.3,14.3,0
EMP00947,Operations,Logistics Coordinator,1,2016-07-28,2026-06-07,118.3,3.68,0.92,2.0,34.9,0.0,1
EMP00948,Finance,Payroll Specialist,3,2018-09-14,2024-09-22,72.3,10.07,0.839,3.0,46.0,18.0,1
EMP00949,Finance,Accountant,1,2025-07-11,,14.7,4.35,1.088,4.0,47.0,29.3,0
EMP00950,Sales,Business Development Rep,3,2022-02-10,,55.6,12.98,1.082,3.0,49.2,32.9,0
EMP00951,Customer Support,Support Agent,1,2021-08-19,,61.4,3.78,0.944,1.0,47.2,29.8,0
EMP00952,Engineering,Data Engineer,3,2025-07-21,,14.3,13.75,1.146,3.0,49.4,33.0,0
EMP00953,Engineering,DevOps Engineer,3,2016-10-13,,119.6,12.03,1.003,3.0,37.9,0.0,0
EMP00954,Engineering,QA Engineer,1,2024-11-21,,22.3,4.37,1.093,3.0,44.5,16.7,0
EMP00955,HR,HR Generalist,1,2024-11-17,2025-03-23,4.1,4.14,1.036,1.0,36.6,0.0,1
EMP00956,Finance,Financial Analyst,4,2025-01-27,,20.1,19.57,0.979,3.0,41.4,4.0,0
EMP00957,Marketing,Marketing Executive,2,2020-03-22,2024-10-01,54.3,6.2,0.885,3.0,50.3,38.0,1
EMP00958,Customer Support,Support Specialist,3,2023-08-29,2023-12-18,3.6,11.79,0.983,4.0,49.9,40.7,1
EMP00959,Customer Support,Team Lead - Support,1,2023-12-26,,33.1,4.4,1.101,4.0,48.0,31.3,0
EMP00960,Customer Support,Support Agent,1,2018-08-05,2024-09-24,73.7,3.76,0.939,1.0,44.2,19.2,1
EMP00961,Customer Support,Support Agent,2,2024-10-09,,23.7,7.37,1.053,4.0,40.5,0.0,0
EMP00962,Sales,Sales Executive,4,2026-04-26,,5.2,17.4,0.87,4.0,45.8,23.8,0
EMP00963,Engineering,Software Engineer,1,2020-01-26,,80.1,4.37,1.094,3.0,50.0,47.4,0
EMP00964,Engineering,Software Engineer,3,2021-08-11,,61.6,12.45,1.038,5.0,46.8,26.5,0
EMP00965,HR,HR Generalist,3,2026-03-31,,6.0,10.27,0.856,4.0,35.9,0.0,0
EMP00966,Customer Support,Support Specialist,1,2025-11-01,,10.9,3.89,0.973,3.0,45.5,17.0,0
EMP00967,HR,HR Generalist,1,2016-04-14,,125.5,4.45,1.112,3.0,34.4,0.0,0
EMP00968,Engineering,Data Engineer,1,2016-05-15,2023-06-01,84.5,3.4,0.849,3.0,48.6,35.8,1
EMP00969,Customer Support,Team Lead - Support,2,2024-06-19,2025-04-29,10.3,6.1,0.871,3.0,41.9,6.6,1
EMP00970,Engineering,Data Engineer,3,2026-07-10,,2.7,11.9,0.992,5.0,39.5,0.0,0
EMP00971,Engineering,DevOps Engineer,2,2021-05-31,,64.0,8.79,1.256,3.0,48.7,36.1,0
EMP00972,Engineering,QA Engineer,1,2024-07-30,,26.0,3.68,0.919,3.0,47.5,26.0,0
EMP00973,Engineering,Data Engineer,3,2024-01-09,,32.7,12.71,1.059,5.0,46.0,27.0,0
EMP00974,Finance,Accountant,2,2025-08-04,,13.9,7.22,1.031,4.0,52.9,47.9,0
EMP00975,Sales,Account Manager,2,2021-02-23,2023-03-09,24.4,6.5,0.929,3.0,47.9,29.3,1
EMP00976,Customer Support,Support Specialist,2,2022-05-06,2025-01-25,32.7,7.14,1.019,4.0,42.1,9.1,1
EMP00977,Sales,Business Development Rep,1,2017-01-26,2026-08-22,114.8,3.79,0.946,3.0,47.3,33.9,1
EMP00978,Sales,Account Manager,3,2024-08-16,2024-10-19,2.1,11.48,0.957,,43.7,11.8,1
EMP00979,Customer Support,Team Lead - Support,2,2021-07-26,,62.2,5.6,0.801,3.0,50.7,43.2,0
EMP00980,Engineering,Data Engineer,2,2026-04-29,,5.1,6.98,0.997,5.0,46.3,25.7,0
EMP00981,Product,Product Manager,1,2022-05-24,,52.2,4.43,1.108,3.0,44.7,20.8,0
EMP00982,Marketing,Digital Marketer,2,2016-11-07,,118.7,7.05,1.007,3.0,36.5,0.0,0
EMP00983,Operations,Operations Analyst,2,2018-09-04,2024-06-11,69.2,7.92,1.131,3.0,43.3,12.0,1
EMP00984,Sales,Business Development Rep,2,2023-02-03,,43.9,7.49,1.07,4.0,44.7,21.8,0
EMP00985,Engineering,Software Engineer,4,2022-07-12,,50.6,19.86,0.993,2.0,40.4,5.6,0
EMP00986,HR,HR Business Partner,4,2024-03-31,,30.0,18.49,0.925,3.0,42.0,13.4,0
EMP00987,Sales,Account Manager,1,2025-08-05,2026-01-05,5.0,3.77,0.942,5.0,47.0,29.5,1
EMP00988,Engineering,Data Engineer,3,2025-08-20,,13.3,9.88,0.824,4.0,45.0,20.5,0
EMP00989,Sales,Sales Executive,2,2023-07-06,2025-04-09,21.1,6.78,0.968,3.0,38.6,0.0,1
EMP00990,Marketing,Content Specialist,5,2018-06-10,,99.7,32.56,1.018,3.0,41.8,2.8,0
EMP00991,Customer Support,Team Lead - Support,1,2018-11-05,,94.8,4.82,1.206,3.0,42.9,10.8,0
EMP00992,Operations,Operations Analyst,1,2026-04-13,,5.6,4.25,1.063,3.0,43.9,15.9,0
EMP00993,Marketing,Marketing Executive,2,2020-11-10,,70.6,6.27,0.896,3.0,43.4,13.3,0
EMP00994,Engineering,Software Engineer,1,2017-04-27,,113.1,3.31,0.827,4.0,43.1,14.2,0
EMP00995,HR,HR Generalist,3,2021-09-02,,60.9,11.7,0.975,2.0,41.0,0.0,0
EMP00996,Sales,Account Manager,2,2017-10-08,2023-12-03,73.8,7.68,1.097,4.0,45.3,20.7,1
EMP00997,Customer Support,Support Specialist,1,2026-08-29,,1.1,3.89,0.974,2.0,49.3,43.2,0
EMP00998,Engineering,QA Engineer,2,2017-11-30,,106.0,7.46,1.065,4.0,46.3,28.2,0
EMP00999,Product,Product Analyst,4,2023-12-14,,33.5,19.57,0.978,1.0,49.4,39.4,0
EMP01000,Sales,Sales Executive,3,2024-06-18,2025-02-01,7.5,13.03,1.086,2.0,50.1,41.6,1
EMP01001,Engineering,Data Engineer,2,2023-11-16,2025-07-02,19.5,5.66,0.808,2.0,51.7,45.7,1
EMP01002,Sales,Business Development Rep,1,2018-10-15,,95.5,4.77,1.193,3.0,51.2,39.5,0
EMP01003,Engineering,Software Engineer,1,2025-03-26,,18.2,3.47,0.867,3.0,52.0,49.4,0
EMP01004,Engineering,Software Engineer,4,2018-05-11,,100.7,21.9,1.095,3.0,39.8,0.0,0
EMP01005,Customer Support,Support Agent,3,2025-11-18,,10.4,11.61,0.967,4.0,47.9,30.6,0
EMP01006,Sales,Business Development Rep,2,2017-03-17,2024-11-06,91.7,6.9,0.986,3.0,50.5,42.0,1
EMP01007,HR,HR Business Partner,4,2025-01-20,,20.3,19.42,0.971,3.0,49.3,35.9,0
EMP01008,Sales,Business Development Rep,1,2016-03-15,2024-03-26,96.4,4.12,1.031,3.0,41.5,12.5,1
EMP01009,Operations,Operations Analyst,3,2023-08-30,2025-06-22,21.7,12.66,1.055,4.0,46.0,29.5,1
EMP01010,Sales,Account Manager,1,2024-07-08,2025-01-05,5.9,4.51,1.127,2.0,45.3,24.3,1
EMP01011,Operations,Operations Analyst,1,2026-02-07,,7.7,4.68,1.169,3.0,51.3,42.4,0
EMP01012,Customer Support,Team Lead - Support,2,2023-02-22,2023-07-10,4.5,7.28,1.04,2.0,38.8,1.0,1
EMP01013,Sales,Account Manager,2,2026-01-12,,8.6,8.44,1.206,3.0,41.5,7.9,0
EMP01014,HR,HR Generalist,4,2025-01-27,2025-09-06,7.3,20.22,1.011,3.0,,0.0,1
EMP01015,Sales,Business Development Rep,2,2026-04-04,,5.9,7.91,1.129,2.0,45.7,22.9,0
EMP01016,Engineering,DevOps Engineer,3,2026-06-21,,3.3,12.62,1.051,2.0,55.2,63.7,0
EMP01017,Operations,Logistics Coordinator,3,2025-10-19,2026-01-04,2.5,11.21,0.934,4.0,42.8,9.4,1
EMP01018,Finance,Accountant,3,2017-08-23,2026-08-13,107.7,12.26,1.022,2.0,43.5,14.4,1
EMP01019,Engineering,Software Engineer,4,2024-12-27,2025-11-10,10.4,21.21,1.06,3.0,47.5,30.9,1
EMP01020,Sales,Business Development Rep,2,2019-06-29,,87.1,6.97,0.996,3.0,44.5,14.7,0
EMP01021,Finance,Accountant,2,2019-06-22,,87.3,7.35,1.05,4.0,44.6,17.6,0
EMP01022,Operations,Operations Analyst,1,2020-06-10,2024-12-14,54.1,4.42,1.104,4.0,44.8,16.1,1
EMP01023,Product,UX Designer,1,2025-12-10,,9.7,3.99,0.997,2.0,39.2,0.0,0
EMP01024,Customer Support,Support Agent,4,2021-03-04,2023-11-14,32.4,13.0,0.65,4.0,44.6,15.7,1
EMP01025,Operations,Logistics Coordinator,2,2026-06-13,,3.6,8.41,1.201,3.0,46.3,26.1,0
EMP01026,Sales,Business Development Rep,2,2026-06-12,,3.6,6.75,0.964,3.0,49.2,32.6,0
EMP01027,HR,Recruiter,1,2018-05-11,2024-07-09,74.0,3.6,0.901,3.0,48.8,31.8,1
EMP01028,Sales,Account Manager,2,2021-09-05,2023-05-25,20.6,6.06,0.865,4.0,46.5,22.5,1
EMP01029,Operations,Operations Analyst,3,2026-07-19,,2.4,11.52,0.96,3.0,44.6,17.5,0
EMP01030,Sales,Account Manager,1,2026-07-11,,2.7,3.73,0.932,3.0,48.4,34.1,0
EMP01031,Customer Support,Support Specialist,3,2025-09-20,,12.3,10.94,0.912,2.0,42.3,10.3,0
EMP01032,Operations,Logistics Coordinator,3,2016-06-03,,123.9,11.02,0.918,3.0,40.1,0.0,0
EMP01033,Customer Support,Support Agent,3,2017-05-02,2024-10-08,89.2,12.76,1.064,5.0,44.4,17.1,1
EMP01034,Finance,Accountant,1,2016-10-17,,119.4,4.97,1.244,3.0,37.3,0.0,0
EMP01035,Sales,Business Development Rep,3,2020-01-31,2023-11-17,45.5,13.18,1.098,5.0,46.8,28.8,1
EMP01036,Operations,Process Specialist,1,2025-02-23,,19.2,4.54,1.135,2.0,47.7,30.0,0
EMP01037,Sales,Business Development Rep,2,2025-05-16,,16.5,6.68,0.955,4.0,41.8,7.0,0
EMP01038,Sales,Sales Executive,3,2026-01-27,,8.1,12.15,1.013,5.0,47.0,25.8,0
EMP01039,Sales,Business Development Rep,3,2022-03-24,,54.2,12.61,1.051,3.0,42.2,14.0,0
EMP01040,Engineering,QA Engineer,1,2019-04-10,2025-04-16,72.2,3.68,0.921,2.0,40.4,0.0,1
EMP01041,Engineering,DevOps Engineer,4,2020-05-02,2023-03-13,34.3,18.98,0.949,3.0,54.3,56.0,1
EMP01042,Operations,Operations Analyst,1,2020-09-15,2023-03-09,29.7,4.41,1.103,2.0,38.5,0.0,1
EMP01043,Operations,Process Specialist,2,2017-10-26,,107.1,7.92,1.131,3.0,37.2,0.0,0
EMP01044,Operations,Operations Analyst,5,2025-04-01,,18.0,32.26,1.008,5.0,44.0,13.7,0
EMP01045,Engineering,Data Engineer,2,2026-02-15,,7.5,6.0,0.857,3.0,46.2,19.4,0
EMP01046,Sales,Sales Executive,3,2025-10-26,,11.1,11.57,0.965,2.0,48.0,29.9,0
EMP01047,Engineering,Data Engineer,2,2018-11-30,2025-08-01,80.0,5.79,0.827,3.0,54.0,53.1,1
EMP01048,Marketing,Content Specialist,3,2017-07-13,,110.6,12.11,1.009,3.0,39.5,3.0,0
EMP01049,Finance,Accountant,3,2016-08-28,,121.1,12.37,1.031,3.0,40.4,8.4,0
EMP01050,Engineering,Software Engineer,3,2025-08-10,,13.7,11.61,0.968,3.0,52.2,48.6,0
EMP01051,Operations,Process Specialist,1,2026-07-28,,2.1,4.12,1.029,4.0,47.2,24.6,0
EMP01052,Engineering,Software Engineer,3,2017-05-04,,112.9,12.6,1.05,2.0,48.6,36.6,0
EMP01053,Engineering,QA Engineer,1,2024-08-21,,25.3,4.12,1.031,3.0,42.3,6.3,0
EMP01054,Engineering,DevOps Engineer,5,2025-06-30,,15.0,27.39,0.856,3.0,50.1,38.8,0
EMP01055,Sales,Sales Executive,1,2024-11-22,2025-04-18,4.8,3.88,0.97,2.0,48.6,32.5,1
EMP01056,Operations,Operations Analyst,1,2026-07-20,,2.4,4.2,1.049,3.0,43.9,14.1,0
EMP01057,Finance,Financial Analyst,4,2026-02-07,,7.7,23.79,1.189,3.0,40.4,0.5,0
EMP01058,Engineering,DevOps Engineer,1,2019-09-27,2024-02-18,52.7,3.87,0.967,3.0,45.5,18.1,1
EMP01059,Customer Support,Team Lead - Support,2,2020-07-21,2023-07-21,36.0,7.46,1.066,4.0,52.4,47.5,1
EMP01060,Operations,Process Specialist,3,2026-02-10,,7.6,13.26,1.105,3.0,38.1,0.0,0
EMP01061,HR,HR Generalist,1,2023-07-19,,38.4,3.91,0.976,3.0,39.4,0.0,0
EMP01062,Customer Support,Support Specialist,1,2016-12-26,2026-03-20,110.8,4.55,1.138,5.0,42.2,9.2,1
EMP01063,Engineering,Software Engineer,2,2024-07-30,,26.0,8.01,1.144,5.0,43.2,6.1,0
EMP01064,Customer Support,Team Lead - Support,1,2024-07-02,,26.9,4.66,1.166,2.0,44.9,22.4,0
EMP01065,Sales,Account Manager,1,2022-07-11,,50.7,4.22,1.055,5.0,49.3,35.1,0
EMP01066,Product,Product Analyst,1,2025-06-29,,15.0,5.13,1.283,4.0,45.1,23.8,0
EMP01067,Sales,Business Development Rep,2,2020-03-31,,78.0,6.48,0.926,2.0,45.3,21.7,0
EMP01068,Operations,Operations Analyst,2,2021-08-25,,61.2,8.78,1.255,3.0,44.2,15.1,0
EMP01069,Engineering,QA Engineer,1,2018-08-29,2026-01-21,88.8,4.37,1.092,1.0,47.8,26.2,1
EMP01070,Sales,Business Development Rep,3,2024-06-29,2025-03-08,8.3,13.93,1.161,3.0,37.4,0.0,1
EMP01071,Finance,Financial Analyst,3,2020-03-17,2026-03-22,72.1,11.54,0.962,5.0,47.8,33.6,1
EMP01072,Customer Support,Team Lead - Support,1,2025-05-24,,16.2,4.41,1.101,3.0,41.3,7.8,0
EMP01073,Sales,Account Manager,2,2024-09-08,,24.7,8.2,1.171,3.0,43.0,17.5,0
EMP01074,HR,HR Business Partner,4,2024-11-29,2026-06-08,18.3,17.39,0.87,3.0,44.5,18.7,1
EMP01075,Finance,Financial Analyst,2,2020-10-27,,71.1,6.86,0.98,3.0,42.7,14.9,0
EMP01076,Sales,Sales Executive,2,2026-08-05,,1.8,5.2,0.743,4.0,47.2,27.4,0
EMP01077,Customer Support,Support Agent,2,2017-03-26,2025-02-07,94.5,6.85,0.979,3.0,45.6,24.6,1
EMP01078,Customer Support,Team Lead - Support,1,2019-01-12,2025-03-21,74.3,3.61,0.902,3.0,43.7,12.9,1
EMP01079,Customer Support,Support Agent,3,2024-10-22,2025-09-18,10.9,11.69,0.974,3.0,51.9,46.1,1
EMP01080,Sales,Account Manager,4,2024-02-04,,31.8,27.02,1.351,4.0,48.2,33.1,0
EMP01081,Engineering,Software Engineer,4,2026-06-07,,3.8,24.12,1.206,,46.4,21.8,0
EMP01082,Finance,Accountant,1,2018-09-14,2025-04-16,79.0,3.31,0.827,3.0,46.1,25.4,1
EMP01083,HR,Recruiter,2,2024-12-11,,21.6,7.47,1.067,3.0,39.8,0.0,0
EMP01084,Finance,Accountant,1,2020-03-12,,78.6,4.38,1.096,3.0,52.8,45.2,0
EMP01085,Product,Product Manager,2,2024-06-23,,27.2,6.72,0.959,3.0,38.1,0.0,0
EMP01086,Operations,Process Specialist,2,2025-05-24,,16.2,7.15,1.021,3.0,43.5,13.0,0
EMP01087,Marketing,Marketing Executive,3,2026-08-24,,1.2,12.4,1.033,3.0,41.7,9.4,0
EMP01088,Marketing,Marketing Executive,1,2026-02-18,,7.4,3.35,0.838,4.0,41.5,6.9,0
EMP01089,Customer Support,Support Agent,4,2024-12-11,,21.6,17.52,0.876,3.0,43.0,16.3,0
EMP01090,Sales,Business Development Rep,1,2023-06-25,2026-03-06,32.4,4.08,1.021,2.0,41.5,7.6,1
EMP01091,Engineering,QA Engineer,1,2024-01-26,2024-04-28,3.1,4.05,1.012,5.0,50.3,39.5,1
EMP01092,Operations,Logistics Coordinator,4,2017-10-18,,107.4,18.3,0.915,2.0,37.6,0.0,0
EMP01093,Sales,Sales Executive,3,2023-12-14,,33.5,10.86,0.905,4.0,49.4,36.6,0
EMP01094,Engineering,DevOps Engineer,2,2018-04-09,,101.7,6.92,0.989,3.0,47.9,33.1,0
EMP01095,Customer Support,Support Agent,2,2017-03-29,,114.1,7.74,1.106,4.0,43.3,13.4,0
EMP01096,Sales,Business Development Rep,1,2017-12-06,2023-05-07,65.0,3.96,0.991,3.0,47.4,27.7,1
EMP01097,Engineering,Software Engineer,1,2026-06-09,,3.7,4.78,1.195,4.0,44.3,17.2,0
EMP01098,Marketing,Digital Marketer,2,2019-07-02,2024-11-05,64.2,6.42,0.917,4.0,38.0,0.0,1
EMP01099,Finance,Accountant,2,2020-02-16,2024-10-18,56.0,7.16,1.023,3.0,38.1,0.0,1
EMP01100,Engineering,Software Engineer,2,2024-06-23,,27.2,6.7,0.957,3.0,47.9,32.6,0
EMP01101,Engineering,QA Engineer,1,2023-08-08,,37.7,4.28,1.071,1.0,47.7,26.1,0
EMP01102,Sales,Sales Executive,3,2024-09-30,,24.0,10.87,0.906,3.0,46.1,27.7,0
EMP01103,Marketing,Marketing Executive,3,2021-09-19,2026-06-16,56.9,14.78,1.231,5.0,,6.4,1
EMP01104,Marketing,Content Specialist,1,2024-12-03,2025-01-21,1.6,3.19,0.797,3.0,42.1,13.3,1
EMP01105,Engineering,QA Engineer,1,2024-03-15,,30.5,4.82,1.206,4.0,43.5,10.7,0
EMP01106,Marketing,Content Specialist,2,2023-02-19,,43.3,7.08,1.011,3.0,35.1,0.0,0
EMP01107,Engineering,Data Engineer,3,2025-09-17,,12.4,12.8,1.066,3.0,45.3,24.0,0
EMP01108,Sales,Sales Executive,3,2016-05-17,2025-07-15,109.9,13.92,1.16,5.0,47.4,29.1,1
EMP01109,Product,Product Manager,3,2018-10-23,2025-01-05,74.4,13.24,1.103,1.0,43.3,12.1,1
EMP01110,Engineering,Software Engineer,2,2022-08-03,2023-05-14,9.3,6.39,0.912,3.0,53.0,48.7,1
EMP01111,Engineering,QA Engineer,1,2021-02-08,,67.7,4.29,1.072,3.0,40.5,0.0,0
EMP01112,Sales,Sales Executive,2,2019-01-14,2024-07-20,66.2,8.57,1.224,2.0,42.0,5.7,1
EMP01113,Customer Support,Support Agent,1,2019-07-30,,86.0,3.57,0.894,3.0,45.6,18.6,0
EMP01114,HR,HR Generalist,3,2016-11-01,,118.9,15.05,1.254,3.0,44.1,21.2,0
EMP01115,Product,UX Designer,1,2026-04-01,,6.0,4.19,1.046,2.0,34.4,0.0,0
EMP01116,Engineering,Software Engineer,1,2024-05-06,2024-06-25,1.6,3.79,0.948,4.0,47.7,31.2,1
EMP01117,Engineering,Data Engineer,2,2024-08-23,2025-06-13,9.7,6.25,0.893,3.0,46.1,25.7,1
EMP01118,Marketing,Digital Marketer,2,2023-06-24,,39.2,6.81,0.973,2.0,33.5,0.0,0
EMP01119,Engineering,QA Engineer,2,2024-08-12,2025-08-26,12.5,5.36,0.765,3.0,44.5,19.3,1
EMP01120,Finance,Accountant,2,2025-08-01,,14.0,6.65,0.95,2.0,39.4,0.4,0
EMP01121,Operations,Process Specialist,4,2024-11-02,,22.9,19.37,0.968,4.0,41.0,2.7,0
EMP01122,Engineering,Data Engineer,3,2022-02-05,,55.8,10.45,0.871,3.0,39.0,0.0,0
EMP01123,Marketing,Marketing Executive,4,2023-06-28,,39.1,21.79,1.09,1.0,44.9,18.7,0
EMP01124,Engineering,Data Engineer,3,2016-08-30,2024-12-31,100.0,11.68,0.974,3.0,52.9,55.5,1
EMP01125,Sales,Business Development Rep,3,2024-07-02,,26.9,11.08,0.924,3.0,46.2,31.1,0
EMP01126,Customer Support,Support Agent,2,2018-11-19,,94.4,6.73,0.961,3.0,35.3,0.0,0
EMP01127,Customer Support,Support Agent,2,2026-03-12,,6.6,7.3,1.043,1.0,46.3,19.1,0
EMP01128,Operations,Process Specialist,2,2016-06-23,,123.2,7.06,1.009,1.0,42.1,10.1,0
EMP01129,Operations,Operations Analyst,2,2026-03-05,,6.9,6.41,0.916,3.0,38.0,0.0,0
EMP01130,Product,Product Manager,1,2022-11-03,2023-03-28,4.8,4.06,1.015,3.0,44.6,24.3,1
EMP01131,Product,Product Analyst,1,2026-06-17,,3.4,3.98,0.994,3.0,47.0,30.2,0
EMP01132,Customer Support,Team Lead - Support,4,2022-01-22,2026-08-14,54.7,17.27,0.863,3.0,42.0,12.2,1
EMP01133,Engineering,Software Engineer,1,2017-09-08,,108.7,3.86,0.965,3.0,37.6,0.0,0
EMP01134,Operations,Operations Analyst,2,2023-08-01,,38.0,7.49,1.07,3.0,33.9,0.0,0
EMP01135,Product,Product Analyst,2,2020-09-09,,72.7,7.48,1.069,1.0,40.0,2.6,0
EMP01136,Sales,Sales Executive,1,2017-07-27,2026-09-15,109.6,3.89,0.972,3.0,44.3,13.4,1
EMP01137,Sales,Account Manager,4,2025-12-07,2026-07-06,6.9,21.62,1.081,3.0,42.7,10.8,1
EMP01138,Sales,Sales Executive,1,2026-03-20,2026-07-27,4.2,3.53,0.882,3.0,41.9,8.5,1
EMP01139,Engineering,Data Engineer,4,2022-01-03,2024-01-16,24.4,17.72,0.886,3.0,47.6,30.1,1
EMP01140,Operations,Logistics Coordinator,3,2022-03-26,,54.2,11.64,0.97,3.0,45.1,20.3,0
EMP01141,Sales,Sales Executive,1,2023-07-03,,38.9,4.72,1.18,3.0,,28.3,0
EMP01142,Marketing,Digital Marketer,1,2023-03-05,2025-05-27,26.7,4.08,1.02,2.0,46.7,24.5,1
EMP01143,Marketing,Content Specialist,2,2024-07-08,2024-10-10,3.1,6.77,0.967,3.0,40.0,2.4,1
EMP01144,Marketing,Digital Marketer,2,2023-12-21,,33.3,8.3,1.185,3.0,38.1,0.0,0
EMP01145,Sales,Sales Executive,1,2024-04-14,2025-03-04,10.6,3.86,0.966,1.0,42.6,7.8,1
EMP01146,Sales,Business Development Rep,5,2024-08-07,,25.8,40.58,1.268,3.0,42.3,6.0,0
EMP01147,Operations,Logistics Coordinator,1,2022-05-10,,52.7,3.75,0.939,4.0,33.8,0.0,0
EMP01148,Marketing,Digital Marketer,3,2025-07-23,2025-10-06,2.5,10.54,0.879,5.0,40.5,3.5,1
EMP01149,Customer Support,Support Specialist,1,2024-01-11,2026-08-31,31.6,3.92,0.98,3.0,50.0,39.8,1
EMP01150,Finance,Payroll Specialist,5,2020-01-30,,80.0,31.04,0.97,3.0,46.6,23.9,0
EMP01151,Engineering,QA Engineer,1,2020-09-20,2023-12-20,39.0,3.61,0.903,3.0,47.4,24.0,1
EMP01152,Finance,Accountant,2,2023-05-11,,40.7,9.19,1.312,4.0,43.6,15.7,0
EMP01153,Engineering,Software Engineer,2,2024-04-06,2025-07-02,14.9,7.27,1.038,3.0,51.5,45.5,1
EMP01154,Engineering,Data Engineer,1,2024-03-17,2025-10-19,19.1,4.22,1.056,3.0,40.2,0.0,1
EMP01155,Customer Support,Team Lead - Support,3,2026-04-17,2026-07-08,2.7,11.33,0.945,4.0,40.7,0.0,1
EMP01156,Engineering,QA Engineer,1,2024-02-22,2025-01-07,10.5,3.72,0.931,1.0,50.1,39.7,1
EMP01157,Engineering,DevOps Engineer,2,2020-04-03,,77.9,7.86,1.123,3.0,45.1,21.8,0
EMP01158,Engineering,Software Engineer,2,2024-01-21,2024-04-21,3.0,5.59,0.799,3.0,42.0,7.0,1
EMP01159,Sales,Sales Executive,2,2024-07-13,2025-01-01,5.7,6.04,0.863,3.0,47.5,26.4,1
EMP01160,Marketing,Content Specialist,1,2025-03-24,,18.2,3.88,0.97,4.0,41.0,3.8,0
EMP01161,Engineering,DevOps Engineer,1,2022-02-23,,55.2,4.65,1.162,3.0,41.2,7.9,0
EMP01162,Operations,Process Specialist,1,2025-04-05,,17.8,3.82,0.955,3.0,39.1,0.0,0
EMP01163,Marketing,Digital Marketer,2,2018-04-27,,101.1,7.35,1.05,3.0,44.4,17.8,0
EMP01164,Engineering,QA Engineer,1,2024-06-23,2025-11-15,16.8,4.01,1.003,2.0,45.9,22.6,1
EMP01165,Engineering,Data Engineer,4,2026-05-25,,4.2,23.11,1.156,4.0,51.8,44.5,0
EMP01166,Finance,Financial Analyst,2,2026-08-22,,1.3,5.67,0.81,4.0,41.7,4.0,0
EMP01167,Marketing,Digital Marketer,3,2025-05-08,,16.8,13.06,1.088,5.0,41.6,1.4,0
EMP01168,Customer Support,Support Agent,2,2019-05-20,2025-08-06,74.6,6.83,0.976,4.0,51.5,49.5,1
EMP01169,Marketing,Marketing Executive,1,2024-07-18,2025-03-16,7.9,4.44,1.111,3.0,,31.0,1
EMP01170,Engineering,Software Engineer,2,2020-11-22,,70.2,6.31,0.902,3.0,45.7,23.0,0
EMP01171,Sales,Business Development Rep,1,2024-12-31,,21.0,4.01,1.003,3.0,38.0,0.0,0
EMP01172,Operations,Operations Analyst,2,2024-07-22,2025-04-08,8.5,6.91,0.988,1.0,39.3,0.0,1
EMP01173,Engineering,Data Engineer,2,2019-04-01,,90.0,6.16,0.88,3.0,40.3,0.0,0
EMP01174,Operations,Process Specialist,2,2026-05-25,,4.2,5.92,0.846,,43.2,11.8,0
EMP01175,Customer Support,Support Agent,5,2020-10-20,2023-04-25,30.1,29.77,0.93,,42.7,9.4,1
EMP01176,Operations,Process Specialist,1,2020-08-08,,73.7,4.06,1.016,4.0,50.2,48.3,0
EMP01177,Sales,Sales Executive,2,2023-02-05,2025-08-09,30.1,6.36,0.909,2.0,37.9,0.0,1
EMP01178,Sales,Sales Executive,1,2023-01-27,,44.1,3.84,0.96,3.0,39.8,0.0,0
EMP01179,Engineering,DevOps Engineer,2,2017-05-23,2024-03-15,81.7,5.42,0.774,4.0,46.1,28.5,1
EMP01180,Engineering,QA Engineer,3,2026-07-01,,3.0,11.47,0.956,3.0,47.3,32.9,0
EMP01181,Operations,Operations Analyst,1,2020-07-03,2026-04-26,69.7,4.49,1.123,2.0,32.0,0.0,1
EMP01182,Engineering,Software Engineer,2,2016-04-09,,125.7,7.59,1.085,3.0,37.2,0.0,0
EMP01183,Engineering,DevOps Engineer,2,2025-05-29,,16.1,6.93,0.99,4.0,43.8,15.2,0
EMP01184,Engineering,Software Engineer,1,2026-08-16,,1.5,4.12,1.029,4.0,51.1,46.2,0
EMP01185,Engineering,Software Engineer,4,2025-07-07,,14.8,18.01,0.901,3.0,53.5,53.3,0
EMP01186,Marketing,Content Specialist,2,2022-01-14,,56.5,8.36,1.195,1.0,41.1,4.1,0
EMP01187,Sales,Account Manager,3,2017-06-13,,111.6,14.98,1.248,3.0,44.2,15.4,0
EMP01188,Product,UX Designer,2,2021-03-16,,66.5,7.14,1.02,3.0,39.2,0.0,0
EMP01189,Engineering,Software Engineer,4,2025-08-06,2026-06-16,10.3,26.22,1.311,4.0,47.8,26.9,1
EMP01190,Operations,Logistics Coordinator,1,2018-11-15,,94.5,3.67,0.918,3.0,49.9,38.3,0
EMP01191,Sales,Business Development Rep,2,2023-08-02,2024-01-29,5.9,5.95,0.85,4.0,50.7,37.3,1
EMP01192,Sales,Account Manager,3,2026-03-26,2026-07-16,3.7,10.98,0.915,5.0,44.9,16.5,1
EMP01193,Finance,Accountant,2,2026-08-29,,1.1,6.82,0.974,,39.2,0.0,0
EMP01194,Product,Product Manager,2,2022-06-04,,51.9,8.94,1.277,4.0,,13.0,0
EMP01195,Finance,Financial Analyst,5,2020-07-01,2025-03-22,56.7,30.92,0.966,3.0,49.2,35.9,1
EMP01196,Engineering,Software Engineer,2,2024-11-02,2025-05-02,5.9,6.28,0.897,2.0,43.2,16.2,1
EMP01197,Engineering,DevOps Engineer,3,2025-02-28,2025-11-29,9.0,10.71,0.892,4.0,36.8,0.0,1
EMP01198,Operations,Operations Analyst,3,2024-11-14,,22.5,13.64,1.137,3.0,41.4,5.4,0
EMP01199,Sales,Account Manager,3,2026-03-06,,6.8,13.44,1.12,5.0,43.7,15.6,0
EMP01200,Operations,Process Specialist,4,2024-08-18,,25.4,18.83,0.942,3.0,34.8,0.0,0
EMP01201,Customer Support,Support Specialist,2,2017-01-04,2024-01-27,84.7,5.42,0.775,3.0,46.0,25.9,1
EMP01202,Customer Support,Team Lead - Support,1,2025-01-31,2026-03-22,13.6,3.46,0.865,4.0,47.3,25.6,1
EMP01203,Marketing,Marketing Executive,1,2022-01-02,,56.9,4.83,1.207,2.0,51.4,51.0,0
EMP01204,Operations,Process Specialist,2,2023-09-20,,36.3,7.58,1.083,3.0,37.0,0.0,0
EMP01205,Engineering,Data Engineer,3,2017-07-28,,110.1,12.09,1.008,3.0,48.3,29.6,0
EMP01206,Engineering,Data Engineer,2,2026-06-22,,3.3,8.57,1.224,2.0,49.4,35.2,0
EMP01207,Customer Support,Team Lead - Support,1,2025-06-26,,15.1,4.94,1.235,2.0,47.3,30.5,0
EMP01208,Customer Support,Support Specialist,1,2026-07-08,,2.8,3.98,0.996,4.0,40.5,1.0,0
EMP01209,Engineering,DevOps Engineer,2,2019-10-03,2023-03-18,41.5,6.99,0.998,1.0,40.2,2.4,1
EMP01210,Sales,Business Development Rep,3,2023-10-07,2024-05-18,7.4,11.16,0.93,4.0,45.4,20.5,1
EMP01211,Operations,Process Specialist,1,2019-04-10,,89.7,3.86,0.966,4.0,43.4,18.2,0
EMP01212,Marketing,Content Specialist,2,2022-05-29,,52.1,5.75,0.822,3.0,40.5,2.0,0
EMP01213,Customer Support,Support Agent,3,2018-03-28,2024-07-10,75.4,9.85,0.821,3.0,50.8,50.5,1
EMP01214,Sales,Sales Executive,4,2024-02-01,2024-11-16,9.5,15.87,0.793,1.0,43.2,14.6,1
EMP01215,Engineering,Software Engineer,1,2016-11-10,,118.6,4.52,1.13,4.0,36.5,0.0,0
EMP01216,Customer Support,Support Agent,4,2023-11-01,2024-05-09,6.2,16.25,0.813,2.0,44.0,22.3,1
EMP01217,Sales,Sales Executive,2,2016-04-23,,125.2,8.64,1.234,3.0,47.2,32.1,0
EMP01218,Customer Support,Support Agent,3,2026-08-28,,1.1,10.95,0.912,5.0,46.5,27.1,0
EMP01219,Operations,Process Specialist,1,2024-12-11,,21.6,4.83,1.208,3.0,44.5,19.9,0
EMP01220,Engineering,Software Engineer,2,2026-05-13,,4.6,6.69,0.956,3.0,51.7,43.2,0
EMP01221,Engineering,DevOps Engineer,3,2025-09-12,2026-07-17,10.1,9.74,0.812,5.0,40.0,0.0,1
EMP01222,Engineering,QA Engineer,2,2024-08-15,,25.5,8.08,1.154,2.0,43.1,12.3,0
EMP01223,Finance,Accountant,2,2017-07-10,2023-11-16,76.2,8.18,1.168,2.0,50.0,44.1,1
EMP01224,Operations,Process Specialist,2,2023-12-08,2025-10-23,22.5,6.24,0.891,3.0,34.1,0.0,1
EMP01225,Engineering,Data Engineer,2,2020-01-09,,80.7,6.72,0.96,4.0,44.8,24.3,0
EMP01226,Finance,Payroll Specialist,1,2025-02-15,2026-06-04,15.6,3.57,0.891,4.0,48.5,38.0,1
EMP01227,Sales,Business Development Rep,2,2025-03-18,2026-07-12,15.8,6.9,0.986,4.0,50.5,42.1,1
EMP01228,Sales,Account Manager,1,2026-03-06,,6.8,4.05,1.013,5.0,48.0,35.6,0
EMP01229,HR,HR Business Partner,4,2020-10-22,,71.3,19.16,0.958,1.0,46.1,29.0,0
EMP01230,Engineering,Software Engineer,5,2026-04-29,2026-08-15,3.5,25.02,0.782,3.0,40.3,1.0,1
EMP01231,Engineering,Data Engineer,1,2017-05-02,,113.0,3.72,0.93,2.0,51.2,44.2,0
EMP01232,Customer Support,Team Lead - Support,1,2017-10-06,2023-01-04,62.9,4.34,1.084,4.0,39.6,0.0,1
EMP01233,Engineering,QA Engineer,1,2026-07-30,,2.0,3.9,0.975,5.0,39.9,0.0,0
EMP01234,Operations,Logistics Coordinator,2,2020-10-16,2023-02-14,28.0,6.72,0.961,3.0,44.7,19.6,1
EMP01235,Engineering,DevOps Engineer,4,2017-11-04,,106.8,17.77,0.888,4.0,42.8,13.4,0
EMP01236,Engineering,Software Engineer,2,2022-01-31,2023-06-03,16.0,6.49,0.927,3.0,45.9,24.0,1
EMP01237,Engineering,Data Engineer,1,2024-08-25,2026-07-26,23.0,4.68,1.169,2.0,46.9,28.6,1
EMP01238,Sales,Sales Executive,1,2016-03-23,2023-01-11,81.6,3.45,0.863,3.0,53.0,51.9,1
EMP01239,Engineering,Software Engineer,1,2025-12-08,,9.7,4.35,1.086,5.0,47.0,22.0,0
EMP01240,Engineering,QA Engineer,4,2023-03-24,,42.3,20.11,1.006,3.0,42.2,13.8,0
EMP01241,Finance,Payroll Specialist,3,2020-06-13,,75.6,12.35,1.029,1.0,46.0,22.9,0
EMP01242,Sales,Sales Executive,2,2023-05-07,2026-06-22,37.5,6.38,0.912,5.0,41.3,3.3,1
EMP01243,Sales,Account Manager,2,2023-08-28,2025-04-06,19.3,6.7,0.958,3.0,49.1,40.5,1
EMP01244,Engineering,Data Engineer,4,2025-09-12,,12.6,19.99,0.999,3.0,45.3,24.1,0
EMP01245,Sales,Sales Executive,2,2021-03-26,2026-09-27,66.1,6.56,0.938,4.0,46.8,28.0,1
EMP01246,Engineering,Data Engineer,3,2021-09-13,,60.6,12.48,1.04,3.0,37.0,0.0,0
EMP01247,Customer Support,Support Agent,4,2020-12-11,2024-09-07,44.9,21.1,1.055,3.0,34.9,0.0,1
EMP01248,Engineering,DevOps Engineer,2,2025-09-30,,12.0,8.83,1.261,2.0,38.2,0.0,0
EMP01249,Finance,Accountant,4,2017-11-24,2026-05-14,101.6,20.67,1.033,4.0,50.9,47.5,1
EMP01250,HR,HR Generalist,1,2021-05-16,,64.5,3.08,0.771,3.0,37.8,0.0,0
EMP01251,Engineering,Data Engineer,3,2018-10-11,,95.6,13.67,1.14,3.0,48.3,30.2,0
EMP01252,Engineering,Data Engineer,1,2023-06-30,,39.0,3.9,0.976,4.0,42.1,8.6,0
EMP01253,Engineering,Data Engineer,2,2024-10-28,2026-06-02,19.1,8.69,1.241,1.0,43.9,15.9,1
EMP01254,Customer Support,Team Lead - Support,1,2023-11-04,2024-05-22,6.6,4.71,1.177,4.0,44.8,21.1,1
EMP01255,Engineering,QA Engineer,1,2018-01-04,2023-01-09,60.2,3.76,0.939,4.0,52.4,45.5,1
EMP01256,Finance,Accountant,1,2026-06-28,,3.1,4.35,1.087,5.0,45.6,14.8,0
EMP01257,Operations,Operations Analyst,2,2024-12-02,,21.9,6.5,0.929,3.0,44.7,21.6,0
EMP01258,Marketing,Content Specialist,2,2023-02-24,2024-05-08,14.4,7.0,1.0,3.0,48.8,32.0,1
EMP01259,Customer Support,Support Specialist,2,2017-06-27,,111.1,7.57,1.081,3.0,42.2,7.0,0
EMP01260,Product,Product Manager,2,2026-07-17,,2.5,7.93,1.134,5.0,47.8,24.7,0
EMP01261,Engineering,Software Engineer,5,2019-11-05,2025-12-18,73.4,35.44,1.107,5.0,49.1,39.5,1
EMP01262,Sales,Account Manager,4,2025-05-27,,16.1,20.18,1.009,3.0,49.0,37.1,0
EMP01263,Sales,Sales Executive,1,2026-04-20,,5.4,5.19,1.298,3.0,44.3,18.1,0
EMP01264,HR,HR Generalist,2,2023-04-23,,41.3,6.69,0.956,2.0,41.0,4.9,0
EMP01265,Customer Support,Support Agent,3,2022-04-04,2023-06-19,14.5,9.69,0.807,3.0,41.1,0.0,1
EMP01266,Marketing,Content Specialist,3,2019-06-20,,87.4,9.96,0.83,4.0,39.4,0.0,0
EMP01267,Engineering,QA Engineer,2,2020-10-05,,71.8,8.24,1.177,4.0,40.9,2.2,0
EMP01268,Product,Product Analyst,3,2018-10-05,,95.8,11.89,0.991,3.0,44.7,16.6,0
EMP01269,Customer Support,Support Specialist,1,2024-12-16,2024-12-31,0.5,4.08,1.019,5.0,44.0,15.2,1
EMP01270,Customer Support,Support Agent,2,2020-08-26,2023-02-02,29.2,6.54,0.935,2.0,46.9,28.3,1
EMP01271,Product,Product Analyst,3,2026-07-01,,3.0,11.35,0.946,3.0,45.2,23.8,0
EMP01272,Sales,Sales Executive,3,2024-10-20,2025-07-28,9.2,10.87,0.906,3.0,40.2,0.0,1
EMP01273,Sales,Account Manager,3,2019-12-26,,81.1,12.68,1.057,3.0,40.1,0.4,0
EMP01274,Customer Support,Team Lead - Support,1,2023-07-23,2024-11-05,15.5,3.95,0.988,4.0,44.0,18.1,1
EMP01275,Engineering,Software Engineer,1,2018-06-04,2023-08-22,62.6,4.21,1.052,3.0,41.5,3.2,1
EMP01276,Sales,Sales Executive,1,2016-09-19,2023-07-16,81.8,4.16,1.041,2.0,41.0,3.4,1
EMP01277,Engineering,Software Engineer,1,2020-04-17,,77.4,3.8,0.949,2.0,52.6,51.8,0
EMP01278,Engineering,QA Engineer,1,2026-08-12,,1.6,3.3,0.825,3.0,38.1,0.0,0
EMP01279,Finance,Payroll Specialist,2,2022-11-01,,46.9,5.7,0.815,3.0,52.1,50.4,0
EMP01280,Customer Support,Support Agent,2,2019-06-19,,87.4,9.54,1.363,3.0,46.3,25.5,0
EMP01281,Sales,Account Manager,3,2025-11-23,2026-07-08,7.5,14.13,1.177,3.0,49.4,36.7,1
EMP01282,Sales,Business Development Rep,2,2026-06-12,,3.6,8.13,1.161,2.0,48.9,32.1,0
EMP01283,Sales,Business Development Rep,1,2023-11-18,2025-01-30,14.4,3.68,0.919,4.0,47.8,31.9,1
EMP01284,Customer Support,Support Specialist,3,2024-01-21,2024-10-11,8.7,12.01,1.001,3.0,52.5,50.3,1
EMP01285,HR,HR Business Partner,1,2019-09-26,,84.1,3.61,0.902,3.0,38.1,0.0,0
EMP01286,HR,HR Business Partner,4,2025-01-17,2025-11-23,10.2,16.85,0.843,3.0,42.3,10.9,1
EMP01287,Sales,Business Development Rep,1,2023-09-01,2024-02-25,5.8,3.72,0.929,3.0,41.2,8.6,1
EMP01288,Sales,Sales Executive,2,2018-11-21,,94.3,8.11,1.159,3.0,37.4,0.0,0
EMP01289,Sales,Sales Executive,4,2023-05-18,,40.4,22.02,1.101,2.0,42.0,5.8,0
EMP01290,Customer Support,Support Agent,2,2016-09-13,2023-11-16,86.1,6.19,0.884,4.0,53.4,51.3,1
EMP01291,Sales,Business Development Rep,2,2021-04-03,2023-05-22,25.6,6.74,0.962,3.0,44.2,11.8,1
EMP01292,Operations,Logistics Coordinator,3,2020-02-25,2023-06-19,39.8,13.08,1.09,3.0,51.9,53.6,1
EMP01293,Customer Support,Support Agent,1,2026-05-29,2026-09-03,3.2,3.73,0.931,5.0,54.4,56.3,1
EMP01294,Sales,Account Manager,3,2019-04-09,2023-08-29,52.7,12.11,1.01,3.0,58.5,71.4,1
EMP01295,Sales,Sales Executive,4,2026-02-26,2026-08-10,5.4,20.96,1.048,3.0,53.6,51.0,1
EMP01296,Sales,Business Development Rep,5,2022-07-23,,50.3,33.5,1.047,3.0,55.6,61.2,0
EMP01297,Engineering,DevOps Engineer,2,2017-05-23,,112.3,7.21,1.03,3.0,46.5,23.9,0
EMP01298,Engineering,Data Engineer,2,2020-04-20,2025-04-19,60.0,6.45,0.922,1.0,46.0,28.3,1
EMP01299,Operations,Operations Analyst,3,2025-06-04,,15.9,11.21,0.934,4.0,44.3,13.5,0
EMP01300,Sales,Account Manager,2,2024-05-09,2026-05-09,24.0,6.05,0.864,3.0,45.0,15.4,1
EMP01301,Engineering,Software Engineer,1,2023-05-21,2023-11-04,5.5,3.25,0.813,4.0,45.7,24.5,1
EMP01302,Customer Support,Team Lead - Support,1,2016-12-18,2025-10-14,105.9,3.94,0.986,5.0,48.4,33.3,1
EMP01303,Operations,Logistics Coordinator,1,2019-12-28,,81.1,4.39,1.098,1.0,40.9,2.9,0
EMP01304,Engineering,DevOps Engineer,2,2019-09-18,,84.4,5.84,0.834,3.0,38.8,0.0,0
EMP01305,Marketing,Content Specialist,1,2024-01-27,2024-12-20,10.8,4.13,1.033,2.0,44.6,18.8,1
EMP01306,HR,HR Generalist,1,2025-05-16,,16.5,4.38,1.094,3.0,39.9,0.0,0
EMP01307,Customer Support,Team Lead - Support,1,2025-08-17,,13.4,3.12,0.78,4.0,42.3,5.0,0
EMP01308,Operations,Logistics Coordinator,4,2021-09-30,,60.0,19.35,0.968,2.0,42.4,4.6,0
EMP01309,Engineering,DevOps Engineer,1,2023-02-04,,43.8,4.79,1.198,5.0,43.3,11.1,0
EMP01310,HR,HR Generalist,1,2022-06-20,2023-06-22,12.1,4.26,1.066,3.0,48.0,28.7,1
EMP01311,Sales,Sales Executive,2,2023-07-10,,38.7,5.43,0.776,3.0,44.2,17.6,0
EMP01312,HR,HR Business Partner,1,2024-07-15,,26.5,4.32,1.079,1.0,48.2,27.4,0
EMP01313,Customer Support,Support Agent,5,2022-07-09,2024-09-18,26.3,29.13,0.91,3.0,45.9,22.3,1
EMP01314,Engineering,Software Engineer,4,2024-11-18,,22.4,21.66,1.083,3.0,44.6,17.9,0
EMP01315,Engineering,Data Engineer,2,2016-06-06,,123.8,6.42,0.917,3.0,45.7,22.7,0
EMP01316,Operations,Operations Analyst,2,2025-07-25,,14.2,6.96,0.994,3.0,37.2,0.0,0
EMP01317,Customer Support,Support Agent,2,2017-11-07,2025-05-25,90.5,6.55,0.935,1.0,46.5,25.0,1
EMP01318,Engineering,DevOps Engineer,1,2023-11-07,2025-05-24,18.5,4.0,1.0,5.0,48.8,33.2,1
EMP01319,Operations,Operations Analyst,1,2022-08-24,2025-05-21,32.9,3.73,0.932,3.0,47.5,33.7,1
EMP01320,Finance,Accountant,1,2022-02-19,,55.3,3.89,0.973,3.0,36.9,0.0,0
EMP01321,Customer Support,Support Agent,1,2021-06-26,2023-12-13,29.6,3.44,0.859,4.0,38.2,0.0,1
EMP01322,Sales,Sales Executive,2,2025-05-19,,16.4,7.41,1.059,4.0,42.6,9.4,0
EMP01323,Engineering,Software Engineer,1,2024-05-23,,28.3,4.08,1.021,4.0,51.2,44.8,0
EMP01324,Marketing,Digital Marketer,1,2026-01-16,,8.4,3.22,0.806,5.0,44.0,15.6,0
EMP01325,Sales,Sales Executive,2,2026-06-10,,3.7,7.83,1.119,2.0,41.5,6.7,0
EMP01326,Finance,Accountant,2,2024-04-03,,29.9,6.85,0.979,3.0,36.5,0.0,0
EMP01327,Sales,Sales Executive,1,2023-11-05,2026-08-17,33.4,4.08,1.019,3.0,41.9,7.9,1
EMP01328,Customer Support,Support Specialist,1,2025-09-17,,12.4,4.37,1.092,1.0,41.6,11.0,0
EMP01329,Engineering,Data Engineer,1,2025-04-07,,17.8,4.16,1.039,4.0,49.2,39.9,0
EMP01330,Engineering,QA Engineer,1,2016-09-22,2024-04-29,91.2,4.56,1.14,1.0,49.6,41.6,1
EMP01331,Marketing,Marketing Executive,3,2025-09-16,,12.5,11.58,0.965,4.0,38.3,0.0,0
EMP01332,Customer Support,Support Agent,4,2023-05-15,,40.5,22.48,1.124,4.0,48.4,30.1,0
EMP01333,Customer Support,Support Specialist,2,2023-02-17,,43.4,7.1,1.015,3.0,47.9,32.3,0
EMP01334,HR,HR Generalist,2,2023-08-19,2026-02-27,30.3,7.43,1.061,3.0,37.7,0.0,1
EMP01335,HR,HR Business Partner,3,2026-04-27,,5.1,12.58,1.048,5.0,42.6,8.8,0
EMP01336,Finance,Payroll Specialist,3,2023-10-11,,35.6,13.79,1.149,4.0,44.5,15.9,0
EMP01337,Engineering,QA Engineer,1,2017-12-31,2026-07-20,102.6,4.35,1.087,4.0,45.7,27.0,1
EMP01338,Customer Support,Team Lead - Support,1,2024-12-09,2025-04-08,3.9,3.79,0.947,4.0,37.3,0.0,1
EMP01339,Finance,Accountant,2,2018-09-09,,96.7,6.46,0.923,1.0,43.6,17.6,0
EMP01340,Sales,Sales Executive,2,2018-04-12,,101.6,6.96,0.994,2.0,47.9,30.3,0
EMP01341,Engineering,Data Engineer,1,2020-09-16,2024-07-30,46.4,3.64,0.909,2.0,52.1,46.8,1
EMP01342,Marketing,Digital Marketer,1,2018-02-10,,103.6,3.49,0.874,3.0,40.0,2.8,0
EMP01343,Customer Support,Support Agent,2,2017-09-08,2025-10-07,97.0,5.21,0.745,3.0,42.5,9.2,1
EMP01344,Customer Support,Support Specialist,1,2023-09-02,2025-05-04,20.0,3.26,0.814,3.0,44.1,14.6,1
EMP01345,Product,Product Analyst,2,2024-06-17,,27.4,8.67,1.238,5.0,44.3,14.5,0
EMP01346,Customer Support,Support Specialist,3,2017-06-12,,111.6,11.05,0.921,2.0,45.4,20.1,0
EMP01347,Sales,Business Development Rep,2,2021-06-14,2023-08-03,25.6,8.6,1.228,4.0,47.7,33.4,1
EMP01348,Sales,Business Development Rep,1,2025-12-16,2026-07-29,7.4,4.19,1.048,3.0,39.9,0.0,1
EMP01349,Sales,Account Manager,1,2026-05-31,,4.0,3.98,0.994,3.0,46.8,29.1,0
EMP01350,Engineering,DevOps Engineer,3,2017-02-13,2025-06-16,100.0,9.84,0.82,1.0,41.7,4.7,1
EMP01351,Marketing,Content Specialist,2,2023-10-28,,35.1,7.0,1.001,4.0,42.4,9.0,0
EMP01352,Marketing,Digital Marketer,1,2016-04-14,,125.5,4.91,1.227,,50.7,42.4,0
EMP01353,Sales,Sales Executive,1,2018-07-11,2025-05-05,81.8,4.75,1.187,3.0,38.7,0.0,1
EMP01354,Sales,Account Manager,3,2026-01-15,,8.5,12.39,1.033,3.0,43.7,13.9,0
EMP01355,Finance,Financial Analyst,3,2025-02-04,,19.8,10.35,0.862,3.0,37.3,0.0,0
EMP01356,Engineering,DevOps Engineer,4,2023-02-17,2025-02-25,24.3,17.7,0.885,3.0,45.7,21.1,1
EMP01357,Customer Support,Support Agent,2,2026-03-28,,6.1,6.28,0.898,3.0,49.7,42.8,0
EMP01358,Sales,Sales Executive,2,2026-03-27,,6.1,8.07,1.153,3.0,45.8,23.3,0
EMP01359,Operations,Process Specialist,2,2019-03-26,,90.2,8.37,1.196,4.0,42.5,9.6,0
EMP01360,Engineering,Software Engineer,1,2017-01-07,2024-06-19,89.4,4.09,1.024,4.0,51.0,42.1,1
EMP01361,Operations,Logistics Coordinator,3,2018-05-14,,100.6,11.56,0.964,2.0,44.5,16.8,0
EMP01362,Sales,Account Manager,2,2024-03-13,,30.6,8.3,1.186,4.0,48.7,32.9,0
EMP01363,Customer Support,Support Specialist,1,2018-02-05,,103.8,3.53,0.883,3.0,48.2,35.1,0
EMP01364,Engineering,Software Engineer,4,2024-03-26,2024-06-16,2.7,20.12,1.006,5.0,32.1,0.0,1
EMP01365,Sales,Sales Executive,2,2025-08-06,,13.8,7.39,1.056,3.0,44.7,12.1,0
EMP01366,Customer Support,Support Agent,1,2024-03-05,2026-09-03,30.0,3.59,0.896,1.0,40.1,0.6,1
EMP01367,Engineering,Software Engineer,2,2022-06-17,,51.4,6.47,0.924,4.0,41.3,4.4,0
EMP01368,Engineering,Software Engineer,4,2022-03-30,,54.0,18.29,0.914,2.0,51.6,44.6,0
EMP01369,Engineering,Software Engineer,4,2026-07-03,,2.9,23.4,1.17,4.0,43.3,15.9,0
EMP01370,Sales,Sales Executive,2,2026-03-08,,6.8,8.61,1.23,5.0,53.5,45.8,0
EMP01371,Engineering,Data Engineer,4,2019-11-21,,82.3,20.28,1.014,3.0,38.7,0.0,0
EMP01372,HR,Recruiter,4,2021-08-21,2025-03-18,42.9,19.36,0.968,3.0,38.1,0.0,1
EMP01373,Sales,Sales Executive,3,2022-09-04,,48.9,11.14,0.928,3.0,48.4,31.7,0
EMP01374,Marketing,Content Specialist,4,2021-02-20,,67.3,20.0,1.0,3.0,41.5,4.6,0
EMP01375,Product,Product Analyst,2,2024-07-23,2024-11-25,4.1,6.54,0.934,2.0,44.4,19.1,1
EMP01376,Engineering,QA Engineer,3,2025-01-10,2025-04-13,3.1,11.86,0.988,5.0,44.5,19.6,1
EMP01377,Operations,Operations Analyst,2,2026-03-01,,7.0,7.35,1.05,3.0,42.4,7.7,0
EMP01378,Finance,Accountant,3,2023-10-08,,35.7,11.42,0.951,3.0,41.6,1.5,0
EMP01379,Customer Support,Support Agent,1,2017-02-07,,115.7,3.91,0.977,2.0,45.8,29.5,0
EMP01380,Sales,Account Manager,3,2019-02-03,2023-08-02,53.9,11.73,0.978,5.0,47.9,34.5,1
EMP01381,Sales,Account Manager,4,2020-12-08,,69.7,19.24,0.962,5.0,52.3,49.7,0
EMP01382,Engineering,QA Engineer,2,2023-07-03,2025-08-27,25.8,6.63,0.947,3.0,44.1,16.9,1
EMP01383,Customer Support,Support Specialist,5,2023-02-21,2024-04-13,13.7,34.93,1.091,3.0,43.2,14.7,1
EMP01384,Product,UX Designer,2,2026-01-28,,8.0,5.51,0.788,4.0,40.6,4.6,0
EMP01385,HR,HR Business Partner,1,2016-04-26,2023-12-23,91.9,4.76,1.189,3.0,49.6,32.1,1
EMP01386,Engineering,DevOps Engineer,1,2020-12-17,2025-06-30,54.4,4.07,1.016,5.0,48.1,31.3,1
EMP01387,Operations,Logistics Coordinator,3,2023-06-23,2025-08-05,25.4,12.88,1.073,4.0,34.5,0.0,1
EMP01388,Sales,Account Manager,2,2026-07-12,2026-08-04,0.8,7.61,1.087,4.0,36.3,0.0,1
EMP01389,Finance,Accountant,2,2026-03-02,,7.0,6.41,0.915,2.0,39.3,0.0,0
EMP01390,Engineering,QA Engineer,2,2025-05-17,,16.5,6.23,0.89,4.0,46.0,18.6,0
EMP01391,HR,HR Generalist,2,2023-03-30,2024-10-06,18.3,6.13,0.876,5.0,42.8,7.2,1
EMP01392,Marketing,Digital Marketer,2,2024-03-04,,30.9,6.79,0.97,3.0,45.3,19.2,0
EMP01393,Engineering,QA Engineer,4,2025-01-12,2026-09-12,20.0,21.68,1.084,4.0,44.2,17.3,1
EMP01394,Engineering,Data Engineer,3,2024-05-22,2025-01-10,7.7,11.16,0.93,3.0,51.3,47.7,1
EMP01395,Marketing,Digital Marketer,3,2026-05-16,,4.5,12.88,1.073,5.0,46.5,30.9,0
EMP01396,Engineering,QA Engineer,2,2022-05-29,2023-05-31,12.1,5.01,0.716,3.0,45.3,20.3,1
EMP01397,Customer Support,Team Lead - Support,5,2024-11-02,2025-12-13,13.3,30.52,0.954,2.0,50.2,43.3,1
EMP01398,Finance,Financial Analyst,1,2021-09-14,,60.5,4.56,1.14,3.0,35.6,0.0,0
EMP01399,Customer Support,Support Agent,1,2023-10-23,2025-12-21,26.0,3.92,0.979,1.0,44.6,20.0,1
EMP01400,Sales,Sales Executive,1,2021-06-24,,63.2,3.6,0.901,3.0,45.6,22.3,0
EMP01401,Sales,Sales Executive,2,2019-02-13,2023-12-29,58.5,6.45,0.921,4.0,,29.6,1
EMP01402,Engineering,Data Engineer,2,2019-10-21,2024-01-04,50.5,4.55,0.65,3.0,37.3,0.0,1
EMP01403,HR,Recruiter,3,2024-06-30,,27.0,10.54,0.879,5.0,41.8,3.8,0
EMP01404,Sales,Sales Executive,2,2023-02-19,,43.3,7.89,1.127,2.0,46.8,28.2,0
EMP01405,Engineering,QA Engineer,1,2021-09-25,,60.2,3.72,0.93,3.0,47.1,28.2,0
EMP01406,Sales,Sales Executive,3,2022-07-09,2025-10-12,39.1,11.33,0.944,5.0,50.3,40.0,1
EMP01407,HR,HR Business Partner,5,2025-06-03,,15.9,23.05,0.72,3.0,46.4,27.6,0
EMP01408,Engineering,Data Engineer,1,2024-02-19,2025-06-09,15.6,3.22,0.804,4.0,44.7,18.2,1
EMP01409,Finance,Accountant,1,2020-10-12,,71.6,4.57,1.143,5.0,46.0,21.3,0
EMP01410,Operations,Process Specialist,1,2024-02-11,,31.6,4.3,1.074,3.0,42.1,7.6,0
EMP01411,Marketing,Content Specialist,2,2025-07-26,,14.2,5.91,0.844,4.0,43.7,17.3,0
EMP01412,Product,Product Analyst,1,2023-08-04,2025-05-27,21.7,3.7,0.924,1.0,46.6,23.3,1
EMP01413,Finance,Payroll Specialist,2,2025-03-28,,18.1,6.98,0.996,3.0,42.8,11.8,0
EMP01414,HR,HR Generalist,3,2024-01-20,,32.3,10.28,0.856,3.0,,18.2,0
EMP01415,Engineering,Software Engineer,2,2025-06-05,,15.8,5.32,0.76,4.0,49.3,34.9,0
EMP01416,Marketing,Marketing Executive,2,2023-12-07,2024-11-20,11.5,6.87,0.981,3.0,46.2,23.9,1
EMP01417,Customer Support,Support Specialist,1,2024-10-24,2025-12-31,14.2,4.27,1.069,3.0,50.6,37.7,1
EMP01418,Customer Support,Support Specialist,4,2024-10-18,,23.4,21.42,1.071,5.0,55.5,62.3,0
EMP01419,Finance,Accountant,2,2021-10-30,,59.0,7.74,1.105,2.0,46.2,20.7,0
EMP01420,Product,Product Analyst,2,2018-03-27,2024-11-12,79.6,5.7,0.814,5.0,40.9,6.8,1
EMP01421,Operations,Operations Analyst,1,2016-03-28,2024-01-26,94.0,4.03,1.007,2.0,45.3,20.9,1
EMP01422,Customer Support,Team Lead - Support,3,2026-04-01,,6.0,11.61,0.968,3.0,47.1,26.7,0
EMP01423,Sales,Business Development Rep,4,2021-12-30,,57.0,19.79,0.99,3.0,47.8,34.7,0
EMP01424,Sales,Business Development Rep,1,2023-10-19,2024-07-08,8.6,3.9,0.975,3.0,51.7,43.7,1
EMP01425,Sales,Account Manager,1,2016-07-31,2025-07-29,107.9,3.68,0.921,3.0,37.4,0.0,1
EMP01426,Sales,Account Manager,1,2026-02-11,2026-06-03,3.7,2.6,0.65,4.0,51.8,41.7,1
EMP01427,Engineering,Data Engineer,2,2019-06-01,,88.0,7.98,1.139,4.0,53.3,57.1,0
EMP01428,Engineering,DevOps Engineer,4,2026-03-31,,6.0,20.79,1.04,2.0,47.6,36.0,0
EMP01429,Marketing,Content Specialist,2,2022-09-15,,48.5,5.75,0.822,2.0,45.7,17.8,0
EMP01430,Sales,Sales Executive,2,2019-11-20,2024-01-24,50.1,7.4,1.057,2.0,43.9,13.2,1
EMP01431,HR,Recruiter,3,2023-06-08,2024-05-11,11.1,11.36,0.946,3.0,43.0,12.2,1
EMP01432,Customer Support,Support Agent,3,2023-04-06,,41.8,11.4,0.95,2.0,,30.9,0
EMP01433,Engineering,Software Engineer,1,2023-08-06,2026-03-15,31.3,3.63,0.908,3.0,47.9,31.5,1
EMP01434,Engineering,DevOps Engineer,1,2018-11-04,,94.9,4.26,1.064,4.0,48.2,32.4,0
EMP01435,Engineering,Data Engineer,2,2024-11-11,,22.6,6.33,0.904,5.0,47.8,32.4,0
EMP01436,Product,Product Analyst,3,2026-08-02,,1.9,10.42,0.868,4.0,47.0,25.1,0
EMP01437,Engineering,Software Engineer,3,2025-10-17,,11.4,13.63,1.136,,48.5,34.6,0
EMP01438,Customer Support,Support Agent,3,2019-09-06,2024-08-18,59.4,11.74,0.979,3.0,40.4,0.0,1
EMP01439,HR,HR Business Partner,3,2016-03-22,2023-11-14,91.8,11.79,0.982,2.0,46.7,25.6,1
EMP01440,Product,Product Analyst,1,2025-08-03,2026-06-24,10.7,4.33,1.083,3.0,51.4,40.4,1
EMP01441,Engineering,QA Engineer,2,2023-06-22,2023-08-26,2.1,6.44,0.92,3.0,44.9,18.4,1
EMP01442,Engineering,Software Engineer,1,2023-12-02,,33.9,3.78,0.944,5.0,51.7,45.1,0
EMP01443,Engineering,Data Engineer,4,2023-07-27,,38.1,20.73,1.037,3.0,40.9,6.4,0
EMP01444,Engineering,QA Engineer,2,2018-06-21,,99.3,5.71,0.815,3.0,44.9,19.4,0
EMP01445,Engineering,Data Engineer,1,2025-11-01,,10.9,4.11,1.027,3.0,42.1,8.8,0
EMP01446,Customer Support,Team Lead - Support,1,2016-11-13,2026-07-24,116.3,3.64,0.909,5.0,51.2,44.7,1
EMP01447,Finance,Accountant,3,2020-03-08,,78.8,13.23,1.103,2.0,50.4,35.2,0
EMP01448,Customer Support,Team Lead - Support,3,2019-10-20,2026-03-12,76.7,12.79,1.066,4.0,44.6,12.4,1
EMP01449,Customer Support,Support Specialist,3,2023-01-02,2024-10-03,21.0,12.6,1.05,3.0,50.3,40.2,1
EMP01450,Engineering,DevOps Engineer,1,2021-09-12,2024-07-05,33.7,3.23,0.807,2.0,52.4,50.4,1
EMP01451,Marketing,Marketing Executive,4,2022-07-12,2024-03-18,20.2,19.75,0.988,4.0,42.9,10.9,1
EMP01452,Customer Support,Team Lead - Support,3,2021-01-28,2026-06-28,65.0,10.3,0.859,1.0,45.6,19.8,1
EMP01453,Finance,Payroll Specialist,3,2023-05-03,2025-10-25,29.8,11.95,0.996,4.0,46.3,24.5,1
EMP01454,HR,Recruiter,3,2024-05-01,2024-10-28,5.9,8.67,0.722,2.0,39.2,0.0,1
EMP01455,Sales,Sales Executive,4,2026-04-02,,5.9,16.3,0.815,3.0,45.5,24.3,0
EMP01456,Engineering,Data Engineer,4,2016-07-13,,122.6,22.85,1.143,3.0,54.6,60.6,0
EMP01457,Engineering,Data Engineer,2,2024-05-19,,28.4,7.31,1.044,4.0,42.7,9.1,0
EMP01458,Sales,Account Manager,2,2023-09-19,2024-09-16,11.9,6.7,0.958,4.0,48.8,35.1,1
EMP01459,HR,Recruiter,2,2017-09-08,,108.7,6.24,0.891,3.0,45.4,22.4,0
EMP01460,Sales,Sales Executive,3,2024-03-18,,30.4,10.44,0.87,3.0,44.3,18.5,0
EMP01461,Marketing,Marketing Executive,3,2017-05-31,2024-07-16,85.5,12.29,1.024,2.0,44.0,21.0,1
EMP01462,Customer Support,Team Lead - Support,1,2017-07-25,,110.2,3.84,0.959,3.0,52.9,51.5,0
EMP01463,Engineering,QA Engineer,1,2024-05-12,,28.6,4.74,1.186,3.0,47.5,33.5,0
EMP01464,Sales,Sales Executive,4,2017-11-21,,106.3,19.56,0.978,2.0,48.2,29.3,0
EMP01465,Operations,Process Specialist,4,2025-09-28,,12.1,20.14,1.007,5.0,50.2,38.9,0
EMP01466,Operations,Operations Analyst,4,2026-01-22,,8.2,16.67,0.833,3.0,41.7,0.4,0
EMP01467,Sales,Sales Executive,2,2024-07-02,2025-03-31,8.9,6.7,0.957,1.0,40.3,1.7,1
EMP01468,Engineering,Software Engineer,3,2026-01-07,,8.7,12.25,1.021,4.0,53.0,53.9,0
EMP01469,Operations,Logistics Coordinator,3,2024-10-05,2025-04-29,6.8,11.46,0.955,3.0,43.6,6.7,1
EMP01470,Engineering,QA Engineer,2,2019-07-11,,86.7,6.59,0.942,4.0,49.0,36.6,0
EMP01471,HR,HR Generalist,1,2022-02-14,2023-06-20,16.1,4.16,1.039,2.0,,0.2,1
EMP01472,Engineering,QA Engineer,5,2025-03-25,2025-06-04,2.3,37.82,1.182,3.0,46.7,28.4,1
EMP01473,Engineering,QA Engineer,1,2023-11-29,,34.0,4.07,1.017,3.0,40.1,0.0,0
EMP01474,Customer Support,Support Specialist,2,2023-05-20,2024-02-28,9.3,7.96,1.137,3.0,45.3,23.5,1
EMP01475,Customer Support,Support Specialist,3,2019-12-05,2024-06-05,54.0,12.9,1.075,4.0,42.1,8.4,1
EMP01476,Customer Support,Team Lead - Support,3,2018-03-07,,102.8,13.56,1.13,3.0,41.1,6.2,0
EMP01477,Sales,Business Development Rep,1,2018-11-06,2025-04-26,77.6,3.71,0.927,3.0,43.6,14.0,1
EMP01478,Product,Product Analyst,3,2017-05-20,,112.4,11.7,0.975,1.0,32.7,0.0,0
EMP01479,Customer Support,Team Lead - Support,1,2025-06-20,,15.3,3.9,0.976,3.0,39.8,2.5,0
EMP01480,Sales,Account Manager,3,2024-06-30,2026-04-10,21.3,12.79,1.066,3.0,48.5,33.4,1
EMP01481,Sales,Sales Executive,1,2017-07-16,2024-09-17,86.1,4.38,1.095,4.0,,27.3,1
EMP01482,Engineering,QA Engineer,3,2021-09-21,2023-07-02,21.3,12.18,1.015,3.0,40.2,4.5,1
EMP01483,Customer Support,Team Lead - Support,3,2022-11-21,2023-10-25,11.1,13.26,1.105,2.0,47.5,29.6,1
EMP01484,Engineering,Data Engineer,1,2022-09-10,2023-09-18,12.3,3.73,0.932,3.0,41.0,0.6,1
EMP01485,Customer Support,Support Specialist,1,2026-08-22,,1.3,4.42,1.106,3.0,48.2,34.8,0
EMP01486,Engineering,Software Engineer,3,2022-11-02,,46.9,13.46,1.122,3.0,44.5,22.3,0
EMP01487,Product,Product Analyst,1,2023-04-30,,41.0,4.33,1.081,4.0,41.5,9.9,0
EMP01488,Sales,Sales Executive,1,2016-05-08,,124.7,4.06,1.016,4.0,44.6,20.5,0
EMP01489,Finance,Payroll Specialist,2,2026-01-09,,8.7,7.6,1.086,3.0,54.5,51.0,0
EMP01490,Sales,Account Manager,4,2022-08-07,2023-04-15,8.2,17.85,0.893,3.0,41.6,4.5,1
EMP01491,Engineering,QA Engineer,2,2025-09-17,,12.4,7.17,1.024,2.0,46.0,22.2,0
EMP01492,Marketing,Digital Marketer,2,2023-09-05,,36.8,7.25,1.036,4.0,46.5,26.1,0
EMP01493,Operations,Process Specialist,5,2025-03-02,,19.0,26.89,0.84,3.0,38.7,0.0,0
EMP01494,Marketing,Digital Marketer,2,2018-03-29,2025-05-25,85.9,7.4,1.057,3.0,35.8,0.0,1
EMP01495,Sales,Sales Executive,2,2020-11-12,2023-07-10,31.9,5.95,0.85,5.0,42.3,15.9,1
EMP01496,Customer Support,Support Specialist,2,2024-01-05,2025-04-20,15.5,6.64,0.949,3.0,48.4,32.5,1
EMP01497,Finance,Payroll Specialist,2,2023-01-13,2025-12-05,34.7,7.03,1.005,4.0,41.5,3.7,1
EMP01498,Customer Support,Team Lead - Support,2,2017-03-20,2026-06-03,110.5,6.39,0.912,3.0,44.0,18.5,1
EMP01499,Sales,Sales Executive,3,2025-05-16,,16.5,12.12,1.01,3.0,49.1,39.2,0
EMP01500,Operations,Logistics Coordinator,1,2025-11-20,,10.3,4.03,1.008,2.0,39.4,0.0,0
EMP01501,Operations,Process Specialist,3,2021-02-01,,67.9,10.82,0.902,3.0,42.6,8.1,0
EMP01502,HR,HR Generalist,1,2023-06-03,,39.9,4.27,1.068,3.0,36.2,0.0,0
EMP01503,Sales,Account Manager,2,2025-11-26,2026-01-06,1.3,6.36,0.908,3.0,46.4,22.5,1
EMP01504,Sales,Sales Executive,1,2024-07-18,,26.4,5.1,1.275,4.0,46.0,21.6,0
EMP01505,Marketing,Digital Marketer,2,2020-10-28,2025-12-10,61.4,6.91,0.987,3.0,46.6,26.1,1
EMP01506,Customer Support,Support Agent,3,2016-04-27,,125.1,10.31,0.859,3.0,39.8,0.0,0
EMP01507,Operations,Operations Analyst,2,2024-10-31,2025-01-19,2.6,6.17,0.882,3.0,42.1,11.6,1
EMP01508,Sales,Sales Executive,1,2024-08-27,2026-04-07,19.3,4.55,1.138,3.0,39.2,0.0,1
EMP01509,Engineering,Software Engineer,1,2024-05-23,,28.3,3.8,0.951,4.0,43.9,14.9,0
EMP01510,Operations,Logistics Coordinator,3,2024-03-26,,30.2,10.04,0.836,2.0,49.7,36.2,0
EMP01511,Engineering,QA Engineer,1,2017-05-07,,112.8,4.41,1.102,5.0,43.6,17.5,0
EMP01512,Engineering,QA Engineer,3,2017-10-26,2025-08-01,93.2,11.4,0.95,1.0,38.9,0.0,1
EMP01513,Customer Support,Support Specialist,2,2020-03-16,,78.5,7.55,1.078,3.0,41.9,11.0,0
EMP01514,Operations,Logistics Coordinator,1,2018-06-18,,99.4,4.45,1.112,4.0,35.8,0.0,0
EMP01515,Finance,Payroll Specialist,3,2020-02-15,2024-05-05,50.6,12.4,1.033,2.0,37.2,0.0,1
EMP01516,Engineering,QA Engineer,2,2021-12-15,2023-05-27,17.3,9.01,1.288,3.0,48.0,32.1,1
EMP01517,Engineering,DevOps Engineer,1,2018-12-26,2026-03-22,86.8,3.17,0.793,2.0,38.5,0.0,1
EMP01518,HR,HR Business Partner,4,2017-04-25,,113.2,18.04,0.902,4.0,44.4,19.2,0
EMP01519,Engineering,Software Engineer,1,2022-08-04,2024-05-04,21.0,3.88,0.969,3.0,45.1,19.8,1
EMP01520,Engineering,DevOps Engineer,2,2019-06-06,,87.8,8.9,1.271,2.0,42.6,9.1,0
EMP01521,Sales,Business Development Rep,2,2024-12-08,,21.7,8.51,1.216,3.0,46.0,24.1,0
EMP01522,Customer Support,Support Agent,2,2022-03-23,,54.3,8.08,1.155,3.0,40.8,0.0,0
EMP01523,Finance,Accountant,3,2017-11-02,,106.9,10.86,0.905,5.0,46.8,27.0,0
EMP01524,Marketing,Content Specialist,1,2023-04-30,2023-12-27,7.9,3.67,0.919,2.0,,1.5,1
EMP01525,Operations,Operations Analyst,4,2025-04-09,2026-07-13,15.1,18.01,0.901,3.0,41.3,5.6,1
EMP01526,Engineering,DevOps Engineer,3,2024-03-15,2024-09-06,5.7,10.87,0.906,3.0,42.7,13.7,1
EMP01527,Sales,Business Development Rep,4,2026-05-09,,4.7,23.58,1.179,3.0,48.1,31.3,0
EMP01528,Sales,Account Manager,3,2016-04-01,2023-09-17,89.5,11.65,0.971,5.0,47.4,28.2,1
EMP01529,Engineering,Software Engineer,4,2020-11-21,,70.3,19.73,0.987,3.0,33.2,0.0,0
EMP01530,Engineering,QA Engineer,2,2023-02-12,,43.6,7.65,1.093,4.0,46.1,23.2,0
EMP01531,Sales,Business Development Rep,2,2019-06-27,2023-04-12,45.5,5.6,0.8,3.0,37.1,0.0,1
EMP01532,Engineering,QA Engineer,2,2018-03-04,,102.9,7.04,1.006,3.0,43.5,14.8,0
EMP01533,Customer Support,Support Specialist,3,2016-07-03,2026-07-16,120.4,10.42,0.868,3.0,44.5,16.2,1
EMP01534,Operations,Process Specialist,2,2025-11-02,2025-12-26,1.8,6.75,0.965,3.0,41.4,2.6,1
EMP01535,Engineering,QA Engineer,3,2023-11-03,2024-11-13,12.4,11.16,0.93,2.0,47.3,24.4,1
EMP01536,Customer Support,Support Specialist,1,2021-03-01,2025-02-28,48.0,3.69,0.923,2.0,48.2,30.3,1
EMP01537,Marketing,Content Specialist,3,2024-04-18,,29.4,12.32,1.027,5.0,39.5,0.3,0
EMP01538,Operations,Operations Analyst,1,2026-04-27,,5.1,4.11,1.027,4.0,39.4,0.0,0
EMP01539,Marketing,Content Specialist,4,2025-12-02,,9.9,19.47,0.974,3.0,42.8,8.3,0
EMP01540,Sales,Account Manager,1,2023-03-15,2023-12-31,9.6,4.18,1.044,3.0,38.1,0.0,1
EMP01541,Marketing,Marketing Executive,1,2021-10-15,2023-07-02,20.5,3.58,0.896,4.0,40.9,5.5,1
EMP01542,Engineering,Data Engineer,3,2019-09-22,,84.3,12.98,1.082,3.0,51.1,44.2,0
EMP01543,Sales,Account Manager,3,2017-10-11,2023-04-06,65.8,11.7,0.975,3.0,38.2,0.0,1
EMP01544,Engineering,Software Engineer,3,2026-04-28,,5.1,11.3,0.942,4.0,43.5,13.1,0
EMP01545,Sales,Business Development Rep,5,2026-03-21,,6.3,28.95,0.905,3.0,42.3,15.8,0
EMP01546,Sales,Business Development Rep,1,2020-07-28,2024-08-16,48.6,3.88,0.971,3.0,54.0,59.7,1
EMP01547,Engineering,Software Engineer,3,2017-07-03,,110.9,14.69,1.224,3.0,42.6,14.8,0
EMP01548,Operations,Operations Analyst,2,2018-12-14,,93.5,6.95,0.992,1.0,40.8,0.0,0
EMP01549,Sales,Account Manager,2,2022-10-07,,47.8,6.04,0.863,3.0,40.4,1.1,0
EMP01550,Engineering,DevOps Engineer,2,2025-08-27,2025-09-03,0.2,7.77,1.11,4.0,45.0,18.1,1
EMP01551,Engineering,DevOps Engineer,1,2022-03-31,2025-06-30,39.0,3.77,0.943,5.0,46.2,26.4,1
EMP01552,Sales,Account Manager,2,2016-11-15,,118.5,7.24,1.034,2.0,41.0,7.2,0
EMP01553,Sales,Account Manager,3,2023-07-02,,39.0,11.13,0.927,4.0,49.4,38.6,0
EMP01554,Sales,Sales Executive,1,2019-11-07,2023-07-12,44.1,4.61,1.154,5.0,46.2,22.2,1
EMP01555,Engineering,DevOps Engineer,4,2019-01-19,,92.4,18.58,0.929,3.0,48.8,33.2,0
EMP01556,Marketing,Digital Marketer,2,2023-01-06,2026-06-16,41.3,8.17,1.168,5.0,41.5,7.9,1
EMP01557,HR,Recruiter,1,2025-07-03,,14.9,3.5,0.874,5.0,44.1,18.6,0
EMP01558,Customer Support,Support Specialist,3,2020-02-24,,79.2,11.58,0.965,4.0,44.0,16.4,0
EMP01559,Operations,Operations Analyst,1,2023-03-08,,42.8,4.67,1.168,5.0,49.6,38.8,0
EMP01560,Finance,Payroll Specialist,1,2025-08-13,2026-06-05,9.7,4.08,1.02,3.0,43.5,14.2,1
EMP01561,Product,Product Analyst,3,2018-02-12,,103.6,15.27,1.273,3.0,43.0,12.8,0
EMP01562,Customer Support,Support Agent,1,2024-03-06,,30.8,3.87,0.968,4.0,42.9,13.7,0
EMP01563,Finance,Accountant,1,2024-03-02,,30.9,4.12,1.031,4.0,40.7,4.7,0
EMP01564,Finance,Payroll Specialist,3,2017-05-29,2026-09-11,111.4,14.74,1.229,2.0,44.1,16.5,1
EMP01565,Marketing,Content Specialist,1,2024-03-03,2024-03-16,0.4,3.27,0.818,3.0,46.7,26.7,1
EMP01566,Sales,Business Development Rep,3,2025-08-13,2025-10-23,2.3,9.64,0.803,3.0,41.9,7.3,1
EMP01567,Engineering,DevOps Engineer,3,2017-05-15,,112.5,10.85,0.905,4.0,45.6,20.1,0
EMP01568,Engineering,DevOps Engineer,1,2019-01-15,2024-01-12,59.9,4.39,1.098,,45.8,20.8,1
EMP01569,Sales,Account Manager,2,2023-09-30,2025-02-20,16.7,5.65,0.807,3.0,46.6,28.0,1
EMP01570,Customer Support,Support Agent,1,2024-04-09,2026-08-14,28.2,4.29,1.072,3.0,37.3,0.0,1
EMP01571,Sales,Account Manager,3,2023-03-25,2025-06-30,27.2,12.76,1.063,2.0,40.8,5.6,1
EMP01572,Customer Support,Team Lead - Support,1,2016-07-31,,122.0,4.97,1.242,5.0,38.9,0.0,0
EMP01573,Customer Support,Team Lead - Support,4,2019-10-30,,83.0,22.51,1.125,3.0,45.1,22.9,0
EMP01574,Marketing,Content Specialist,1,2019-05-08,,88.8,4.17,1.044,2.0,38.9,0.0,0
EMP01575,Engineering,Data Engineer,3,2023-06-29,,39.1,13.96,1.163,3.0,42.8,13.7,0
EMP01576,Engineering,Data Engineer,1,2024-11-28,,22.0,4.26,1.065,4.0,39.6,0.0,0
EMP01577,Marketing,Content Specialist,1,2023-06-19,,39.4,3.78,0.945,3.0,41.2,6.0,0
EMP01578,Finance,Financial Analyst,2,2019-08-16,2024-05-04,56.6,6.04,0.863,3.0,37.9,0.0,1
EMP01579,Product,Product Analyst,2,2024-06-29,2024-10-26,3.9,6.52,0.932,3.0,46.4,20.9,1
EMP01580,Finance,Accountant,5,2026-02-28,,7.0,31.85,0.995,4.0,45.2,25.9,0
EMP01581,Finance,Payroll Specialist,1,2022-01-01,,56.9,4.08,1.021,4.0,43.7,21.6,0
EMP01582,Sales,Sales Executive,1,2018-10-26,2023-05-21,54.8,2.98,0.744,4.0,43.6,17.2,1
EMP01583,Sales,Account Manager,2,2023-05-03,,40.9,6.82,0.974,3.0,35.8,0.0,0
EMP01584,Engineering,DevOps Engineer,2,2017-05-21,,112.3,7.02,1.003,5.0,42.9,13.4,0
EMP01585,Customer Support,Support Agent,4,2025-03-19,,18.4,21.31,1.066,4.0,41.6,5.4,0
EMP01586,HR,HR Business Partner,4,2024-09-18,,24.4,23.9,1.195,3.0,44.1,16.1,0
EMP01587,Sales,Account Manager,4,2024-11-02,,22.9,20.45,1.022,5.0,47.8,34.1,0
EMP01588,Customer Support,Support Agent,1,2017-09-06,2025-09-06,96.0,3.56,0.891,4.0,46.5,23.1,1
EMP01589,Sales,Sales Executive,2,2022-02-12,2026-05-20,51.2,5.47,0.782,4.0,50.7,39.6,1
EMP01590,Engineering,DevOps Engineer,3,2026-02-28,,7.0,12.99,1.082,4.0,42.4,8.4,0
EMP01591,Engineering,Data Engineer,2,2023-06-08,2023-06-15,0.2,6.27,0.896,3.0,42.3,11.2,1
EMP01592,Engineering,Data Engineer,3,2025-10-22,,11.3,13.25,1.104,3.0,49.7,36.2,0
EMP01593,HR,HR Business Partner,1,2017-03-31,,114.0,4.67,1.168,2.0,43.7,14.1,0
EMP01594,Sales,Sales Executive,2,2025-07-03,,14.9,5.7,0.815,3.0,43.9,15.3,0
EMP01595,Marketing,Digital Marketer,4,2020-02-05,2024-11-13,57.3,21.33,1.066,3.0,51.3,42.2,1
EMP01596,Operations,Operations Analyst,1,2024-10-22,2025-08-12,9.7,4.62,1.155,3.0,45.6,15.1,1
EMP01597,Engineering,Software Engineer,5,2023-07-22,,38.3,35.91,1.122,5.0,44.1,13.3,0
EMP01598,Engineering,DevOps Engineer,2,2018-11-05,,94.8,5.24,0.748,2.0,41.9,8.4,0
EMP01599,Marketing,Content Specialist,1,2024-08-03,,25.9,3.59,0.898,4.0,49.0,37.5,0
EMP01600,Engineering,DevOps Engineer,1,2016-03-07,,126.8,3.39,0.846,3.0,45.9,25.1,0
EMP01601,Finance,Payroll Specialist,1,2018-12-11,,93.6,4.25,1.063,1.0,43.1,14.2,0
EMP01602,Engineering,Software Engineer,2,2019-07-20,,86.4,7.35,1.05,1.0,48.0,30.1,0
EMP01603,Operations,Logistics Coordinator,1,2022-12-29,2026-04-04,39.2,2.71,0.676,3.0,47.0,25.5,1
EMP01604,Marketing,Digital Marketer,3,2021-02-08,,67.7,11.57,0.964,3.0,45.5,23.1,0
EMP01605,Engineering,QA Engineer,4,2023-09-16,2025-03-11,17.8,21.92,1.096,3.0,49.0,35.4,1
EMP01606,Engineering,DevOps Engineer,2,2024-03-18,,30.4,7.12,1.018,3.0,47.0,30.7,0
EMP01607,HR,Recruiter,1,2023-08-11,,37.7,4.07,1.018,3.0,45.5,23.1,0
EMP01608,Engineering,Data Engineer,2,2025-06-06,,15.8,6.69,0.956,2.0,41.7,10.7,0
EMP01609,Sales,Sales Executive,3,2025-01-08,,20.7,10.48,0.873,3.0,53.1,51.0,0
EMP01610,Sales,Business Development Rep,2,2026-08-10,,1.7,6.99,0.998,2.0,39.4,0.8,0
EMP01611,Engineering,Data Engineer,1,2024-10-16,,23.5,4.03,1.006,2.0,46.4,31.7,0
EMP01612,Marketing,Digital Marketer,2,2017-12-18,,105.4,7.52,1.074,3.0,37.0,0.0,0
EMP01613,Marketing,Content Specialist,2,2026-02-11,,7.6,7.59,1.084,4.0,42.6,11.9,0
EMP01614,Sales,Account Manager,2,2016-12-22,,117.3,7.07,1.01,3.0,42.4,6.8,0
EMP01615,Marketing,Content Specialist,1,2026-03-10,,6.7,4.53,1.131,4.0,43.6,17.1,0
EMP01616,Engineering,QA Engineer,5,2017-10-21,2024-06-25,80.1,30.56,0.955,4.0,46.5,29.4,1
EMP01617,Engineering,Data Engineer,1,2026-03-18,,6.4,3.31,0.827,3.0,40.7,1.3,0
EMP01618,Customer Support,Support Specialist,1,2020-09-06,2023-10-28,37.7,4.23,1.057,3.0,44.9,21.4,1
EMP01619,Product,UX Designer,1,2025-09-29,,12.0,4.06,1.015,1.0,49.3,38.0,0
EMP01620,Engineering,Software Engineer,2,2025-09-07,,12.7,7.42,1.06,3.0,39.1,0.0,0
EMP01621,Engineering,Data Engineer,2,2025-05-09,,16.7,5.94,0.848,3.0,41.2,7.2,0
EMP01622,Customer Support,Support Specialist,1,2021-04-19,,65.4,4.86,1.215,3.0,48.9,37.2,0
EMP01623,Marketing,Digital Marketer,2,2024-10-31,,23.0,7.6,1.085,5.0,43.3,12.8,0
EMP01624,Engineering,Software Engineer,3,2016-06-19,2024-04-01,93.4,11.59,0.965,2.0,45.7,25.3,1
EMP01625,Sales,Account Manager,1,2024-12-17,2026-04-03,15.5,3.55,0.888,1.0,49.6,41.7,1
EMP01626,Operations,Logistics Coordinator,4,2025-01-11,2025-01-18,0.2,22.59,1.129,5.0,39.4,0.0,1
EMP01627,Sales,Account Manager,2,2021-09-19,2025-10-05,48.5,6.07,0.868,3.0,42.7,10.8,1
EMP01628,Engineering,Software Engineer,1,2025-12-17,,9.4,5.09,1.271,3.0,42.1,3.1,0
EMP01629,Engineering,QA Engineer,4,2024-10-09,,23.7,18.53,0.926,2.0,43.4,15.4,0
EMP01630,Sales,Sales Executive,3,2019-03-07,2024-03-23,60.6,14.48,1.206,3.0,51.0,47.7,1
EMP01631,Sales,Account Manager,2,2021-11-05,,58.8,6.85,0.978,5.0,37.3,0.0,0
EMP01632,Finance,Accountant,4,2023-12-03,,33.9,23.79,1.19,3.0,37.6,0.0,0
EMP01633,Operations,Logistics Coordinator,2,2025-02-11,,19.6,6.38,0.912,3.0,36.9,0.0,0
EMP01634,Operations,Logistics Coordinator,2,2016-09-01,,120.9,7.02,1.002,3.0,49.3,36.0,0
EMP01635,Product,Product Analyst,3,2016-11-04,,118.8,13.16,1.097,3.0,40.2,1.5,0
EMP01636,Sales,Business Development Rep,3,2026-08-10,,1.7,12.95,1.079,3.0,43.5,11.6,0
EMP01637,Sales,Business Development Rep,1,2026-03-17,,6.5,4.53,1.132,3.0,37.7,0.0,0
EMP01638,HR,HR Generalist,2,2025-02-07,2025-07-30,5.7,6.59,0.942,2.0,41.8,4.5,1
EMP01639,Engineering,Software Engineer,2,2020-07-16,,74.5,7.07,1.01,3.0,48.9,37.4,0
EMP01640,Operations,Process Specialist,1,2020-05-03,2023-09-23,40.7,4.6,1.15,4.0,44.1,17.1,1
EMP01641,Operations,Operations Analyst,5,2023-11-01,,35.0,29.29,0.915,4.0,42.5,8.7,0
EMP01642,Engineering,Data Engineer,2,2021-10-19,,59.4,7.48,1.069,4.0,38.0,0.0,0
EMP01643,Sales,Account Manager,2,2024-06-24,2026-04-21,21.9,6.82,0.974,3.0,43.5,13.3,1
EMP01644,Engineering,QA Engineer,2,2022-07-27,,50.1,7.17,1.025,4.0,45.7,26.2,0
EMP01645,Engineering,QA Engineer,2,2020-01-15,,80.5,7.07,1.01,5.0,40.5,0.7,0
EMP01646,Sales,Account Manager,1,2022-09-19,2024-07-28,22.3,3.62,0.905,1.0,47.9,33.5,1
EMP01647,Sales,Sales Executive,5,2026-01-28,,8.0,31.0,0.969,3.0,49.0,33.9,0
EMP01648,Marketing,Content Specialist,3,2018-03-12,2024-12-03,80.8,12.21,1.017,3.0,40.6,4.8,1
EMP01649,Finance,Financial Analyst,3,2016-09-01,,120.9,11.85,0.988,5.0,46.3,28.3,0
EMP01650,Marketing,Marketing Executive,2,2021-08-13,,61.6,8.32,1.189,5.0,42.5,13.3,0
EMP01651,Engineering,QA Engineer,1,2023-05-21,2024-02-25,9.2,4.48,1.121,4.0,,45.2,1
EMP01652,Engineering,DevOps Engineer,1,2018-06-20,,99.4,4.14,1.035,3.0,54.2,57.7,0
EMP01653,Engineering,DevOps Engineer,2,2023-10-25,,35.2,6.36,0.908,5.0,40.1,4.1,0
EMP01654,Engineering,Software Engineer,1,2020-06-15,,75.5,3.6,0.901,1.0,48.5,38.9,0
EMP01655,HR,HR Business Partner,3,2021-11-09,,58.7,14.84,1.237,2.0,48.9,32.2,0
EMP01656,Sales,Business Development Rep,4,2024-04-11,2024-08-12,4.0,17.58,0.879,3.0,40.6,0.6,1
EMP01657,Engineering,DevOps Engineer,2,2021-02-07,2024-11-15,45.2,7.1,1.014,4.0,42.4,5.1,1
EMP01658,Finance,Payroll Specialist,2,2016-05-14,,124.6,7.3,1.043,4.0,40.4,4.8,0
EMP01659,Sales,Account Manager,3,2025-07-15,,14.5,11.55,0.963,3.0,44.4,13.1,0
EMP01660,Engineering,Data Engineer,1,2018-05-23,,100.3,3.52,0.88,3.0,43.4,8.3,0
EMP01661,Engineering,DevOps Engineer,4,2025-09-19,,12.4,18.12,0.906,3.0,44.1,13.1,0
EMP01662,Customer Support,Support Specialist,2,2018-10-12,2023-07-29,57.5,6.54,0.934,1.0,48.8,30.0,1
EMP01663,Marketing,Marketing Executive,1,2024-04-15,,29.5,3.66,0.915,4.0,34.5,0.0,0
EMP01664,Engineering,DevOps Engineer,1,2016-02-25,,127.1,4.64,1.159,3.0,40.6,0.0,0
EMP01665,Finance,Payroll Specialist,4,2024-03-24,,30.2,19.98,0.999,2.0,46.0,18.9,0
EMP01666,Finance,Payroll Specialist,1,2018-04-21,,101.3,3.75,0.937,3.0,45.5,21.9,0
EMP01667,Finance,Financial Analyst,3,2024-11-15,2025-05-24,6.2,12.15,1.013,4.0,38.2,0.0,1
EMP01668,Engineering,Software Engineer,1,2024-11-08,,22.7,4.32,1.08,4.0,47.5,24.4,0
EMP01669,Engineering,DevOps Engineer,1,2026-02-24,,7.2,3.83,0.959,3.0,51.0,41.9,0
EMP01670,Finance,Accountant,4,2025-02-13,,19.5,22.16,1.108,2.0,42.8,11.0,0
EMP01671,Sales,Sales Executive,1,2026-03-14,2026-04-07,0.8,3.39,0.847,5.0,40.5,0.9,1
EMP01672,Customer Support,Support Specialist,1,2025-07-30,,14.0,4.56,1.141,3.0,48.9,34.6,0
EMP01673,Operations,Process Specialist,2,2020-11-09,,70.7,6.99,0.999,3.0,50.8,46.7,0
EMP01674,Engineering,QA Engineer,4,2020-02-27,,79.1,19.88,0.994,2.0,41.0,10.4,0
EMP01675,Marketing,Content Specialist,2,2025-07-14,,14.6,6.42,0.917,5.0,43.2,11.9,0
EMP01676,HR,HR Generalist,1,2024-10-24,,23.2,3.41,0.853,4.0,47.9,27.6,0
EMP01677,Operations,Logistics Coordinator,5,2022-06-09,2025-01-19,31.4,25.6,0.8,3.0,43.5,13.3,1
EMP01678,Sales,Sales Executive,3,2026-08-30,,1.0,10.9,0.908,2.0,37.1,0.0,0
EMP01679,Finance,Financial Analyst,4,2018-02-10,,103.6,21.41,1.071,2.0,45.0,19.8,0
EMP01680,Customer Support,Support Specialist,3,2026-04-28,,5.1,10.62,0.885,3.0,40.6,4.2,0
EMP01681,Operations,Operations Analyst,3,2019-10-18,2023-12-19,50.0,9.77,0.814,2.0,37.3,0.0,1
EMP01682,Marketing,Marketing Executive,2,2026-05-19,,4.4,6.24,0.891,3.0,35.2,0.0,0
EMP01683,Operations,Process Specialist,2,2017-10-16,2023-12-23,74.2,6.68,0.954,2.0,48.4,32.1,1
EMP01684,Sales,Sales Executive,3,2026-05-25,,4.2,11.5,0.959,3.0,41.2,9.4,0
EMP01685,Engineering,Software Engineer,3,2023-12-17,,33.4,11.81,0.985,3.0,46.5,24.4,0
EMP01686,Engineering,Software Engineer,4,2021-06-30,2023-05-04,22.1,22.48,1.124,3.0,47.6,32.8,1
EMP01687,Customer Support,Team Lead - Support,2,2018-05-12,,100.6,8.05,1.15,4.0,45.7,24.7,0
EMP01688,Customer Support,Support Specialist,1,2026-07-16,,2.5,4.96,1.241,3.0,46.3,28.9,0
EMP01689,Customer Support,Support Agent,2,2024-08-17,,25.4,5.64,0.805,4.0,46.7,32.5,0
EMP01690,Sales,Business Development Rep,2,2023-08-11,,37.7,6.28,0.897,4.0,45.6,23.4,0
EMP01691,Marketing,Marketing Executive,2,2016-03-21,,126.3,7.59,1.084,5.0,39.6,0.0,0
EMP01692,Finance,Financial Analyst,3,2025-01-29,,20.0,11.35,0.946,2.0,39.2,0.0,0
EMP01693,Engineering,Software Engineer,2,2023-02-17,,43.4,7.72,1.103,3.0,44.5,24.6,0
EMP01694,Operations,Process Specialist,1,2022-02-19,,55.3,4.1,1.025,,42.4,5.4,0
EMP01695,Operations,Process Specialist,2,2023-11-24,,34.2,8.33,1.19,2.0,44.9,21.1,0
EMP01696,Customer Support,Team Lead - Support,3,2024-12-09,,21.7,13.5,1.125,2.0,50.0,32.5,0
EMP01697,Engineering,QA Engineer,4,2021-07-21,2023-07-24,24.1,22.55,1.127,2.0,46.5,21.9,1
EMP01698,Marketing,Marketing Executive,2,2018-04-03,2025-07-31,87.9,6.65,0.951,3.0,39.4,0.3,1
EMP01699,HR,HR Business Partner,2,2024-08-23,,25.2,6.92,0.988,4.0,33.2,0.0,0
EMP01700,Operations,Process Specialist,2,2026-08-23,,1.2,6.74,0.963,3.0,39.5,0.0,0
EMP01701,Finance,Accountant,2,2019-02-25,,91.1,5.74,0.819,5.0,36.9,0.0,0
EMP01702,Product,UX Designer,1,2023-11-11,,34.6,4.71,1.177,4.0,39.7,0.0,0
EMP01703,Sales,Business Development Rep,4,2025-03-30,2026-05-16,13.5,21.79,1.089,2.0,46.1,26.5,1
EMP01704,Customer Support,Support Specialist,4,2017-01-05,2024-09-07,92.1,19.17,0.959,3.0,45.4,20.8,1
EMP01705,Sales,Account Manager,2,2023-08-31,2023-09-07,0.2,8.1,1.157,2.0,53.4,49.0,1
EMP01706,Product,Product Analyst,2,2022-05-06,2023-08-29,15.8,6.47,0.924,4.0,45.2,20.9,1
EMP01707,Engineering,Software Engineer,1,2022-08-25,2023-11-13,14.6,3.12,0.779,4.0,53.6,56.1,1
EMP01708,Sales,Sales Executive,2,2023-01-07,,44.7,7.85,1.121,3.0,48.2,32.2,0
EMP01709,Finance,Accountant,2,2019-12-24,,81.2,5.93,0.847,3.0,47.9,31.9,0
EMP01710,Sales,Business Development Rep,3,2023-12-29,,33.1,11.72,0.977,3.0,43.4,13.7,0
EMP01711,Marketing,Content Specialist,1,2025-07-21,,14.3,4.1,1.025,5.0,38.2,0.0,0
EMP01712,Sales,Business Development Rep,3,2018-03-13,,102.6,12.56,1.046,5.0,43.0,12.2,0
EMP01713,Product,Product Analyst,1,2017-03-24,2025-01-22,94.0,4.41,1.102,4.0,42.9,13.8,1
EMP01714,Finance,Payroll Specialist,3,2025-05-11,,16.7,12.84,1.07,3.0,40.2,3.9,0
EMP01715,Sales,Sales Executive,3,2025-09-11,2026-03-01,5.6,12.79,1.066,1.0,40.5,4.4,1
EMP01716,Marketing,Digital Marketer,1,2018-03-26,2023-05-14,61.6,3.62,0.905,1.0,44.9,17.6,1
EMP01717,Sales,Sales Executive,2,2017-01-10,2024-02-25,85.5,7.25,1.035,2.0,40.5,3.9,1
EMP01718,Customer Support,Support Agent,3,2025-01-30,2026-04-16,14.5,9.83,0.819,3.0,38.1,0.0,1
EMP01719,Operations,Operations Analyst,2,2017-02-15,,115.4,8.31,1.187,4.0,38.0,0.0,0
EMP01720,Marketing,Digital Marketer,1,2021-08-24,,61.2,3.33,0.832,5.0,41.9,6.2,0
EMP01721,Engineering,QA Engineer,2,2018-02-09,,103.7,6.71,0.958,2.0,40.5,4.0,0
EMP01722,Engineering,QA Engineer,2,2017-05-12,2024-09-11,88.0,5.89,0.842,3.0,44.0,20.1,1
EMP01723,Operations,Logistics Coordinator,3,2019-01-06,2025-09-19,80.4,10.95,0.912,2.0,45.7,17.4,1
EMP01724,Customer Support,Team Lead - Support,2,2023-06-17,2025-05-23,23.2,7.01,1.002,5.0,47.6,35.3,1
EMP01725,Customer Support,Support Specialist,1,2021-04-17,2023-02-19,22.1,3.75,0.937,4.0,42.0,11.5,1
EMP01726,Engineering,Software Engineer,2,2017-08-21,,109.3,7.96,1.137,3.0,39.1,0.0,0
EMP01727,Sales,Account Manager,3,2023-02-24,2026-02-04,35.4,12.33,1.027,3.0,42.4,8.9,1
EMP01728,Finance,Accountant,3,2024-07-15,2025-06-09,10.8,11.33,0.944,3.0,46.0,25.2,1
EMP01729,Engineering,DevOps Engineer,1,2017-12-28,2023-10-23,69.8,3.94,0.984,3.0,49.0,34.1,1
EMP01730,Sales,Business Development Rep,2,2023-02-25,2026-03-22,36.8,8.02,1.146,2.0,46.6,25.9,1
EMP01731,HR,HR Generalist,2,2024-09-10,2025-04-10,7.0,7.76,1.109,3.0,48.4,29.2,1
EMP01732,Engineering,Data Engineer,1,2017-09-21,,108.3,3.45,0.863,3.0,52.8,46.0,0
EMP01733,Operations,Operations Analyst,2,2019-04-20,2024-07-01,62.4,6.43,0.918,3.0,40.8,10.2,1
EMP01734,Engineering,DevOps Engineer,1,2026-01-31,,8.0,4.23,1.057,3.0,51.7,47.0,0
EMP01735,Finance,Financial Analyst,1,2026-08-28,,1.1,4.17,1.042,4.0,41.8,7.8,0
EMP01736,Operations,Operations Analyst,3,2025-11-27,2026-04-20,4.7,10.49,0.874,3.0,47.6,30.3,1
EMP01737,Finance,Financial Analyst,1,2024-11-16,2025-06-16,7.0,4.36,1.09,3.0,46.2,22.3,1
EMP01738,Engineering,QA Engineer,3,2022-02-16,2023-03-12,12.8,10.72,0.893,5.0,36.1,0.0,1
EMP01739,Customer Support,Team Lead - Support,1,2022-11-28,2025-01-13,25.5,4.63,1.156,3.0,40.7,3.1,1
EMP01740,Marketing,Digital Marketer,2,2025-11-18,,10.4,7.44,1.064,3.0,37.5,0.0,0
EMP01741,Engineering,Data Engineer,2,2023-08-18,2025-05-19,21.0,6.05,0.864,1.0,37.0,0.0,1
EMP01742,Engineering,QA Engineer,3,2022-10-23,,47.2,11.24,0.937,4.0,49.0,37.4,0
EMP01743,Engineering,DevOps Engineer,3,2017-06-06,,111.8,11.21,0.934,3.0,54.3,57.8,0
EMP01744,HR,Recruiter,2,2025-05-19,,16.4,7.13,1.019,3.0,41.8,8.4,0
EMP01745,Operations,Process Specialist,3,2016-02-07,2025-04-15,110.2,11.71,0.976,1.0,46.8,29.3,1
EMP01746,Customer Support,Support Specialist,1,2025-04-12,2025-05-28,1.5,3.45,0.863,4.0,51.7,46.3,1
EMP01747,Operations,Logistics Coordinator,2,2026-03-26,,6.2,5.83,0.833,3.0,43.9,15.1,0
EMP01748,Customer Support,Support Specialist,1,2026-08-15,,1.5,4.26,1.066,3.0,44.9,24.0,0
EMP01749,Sales,Account Manager,2,2024-02-14,2025-08-23,18.3,7.24,1.034,3.0,43.9,12.8,1
EMP01750,Sales,Account Manager,1,2021-01-27,2025-10-18,56.7,4.05,1.013,3.0,47.4,24.0,1
EMP01751,Operations,Process Specialist,4,2019-10-25,2026-07-31,81.2,20.65,1.032,3.0,46.9,29.3,1
EMP01752,Engineering,QA Engineer,2,2017-01-15,,116.5,6.48,0.926,3.0,47.1,26.5,0
EMP01753,Finance,Payroll Specialist,2,2026-05-20,,4.4,7.15,1.022,3.0,44.9,16.4,0
EMP01754,Marketing,Digital Marketer,2,2020-07-02,,74.9,9.13,1.305,3.0,42.8,13.9,0
EMP01755,Sales,Account Manager,1,2023-08-18,,37.4,4.56,1.141,4.0,,0.0,0
EMP01756,Customer Support,Team Lead - Support,1,2020-02-21,2024-11-28,57.2,3.86,0.965,3.0,49.0,32.2,1
EMP01757,Engineering,Software Engineer,4,2025-12-07,,9.8,18.74,0.937,3.0,39.2,2.6,0
EMP01758,Product,UX Designer,3,2023-10-29,2024-05-03,6.1,7.88,0.657,5.0,45.8,18.4,1
EMP01759,Finance,Accountant,1,2024-09-24,,24.2,4.51,1.128,4.0,46.4,25.3,0
EMP01760,HR,Recruiter,3,2025-02-07,,19.7,13.13,1.094,3.0,37.9,0.0,0
EMP01761,Sales,Sales Executive,2,2023-08-12,,37.6,6.54,0.935,4.0,42.3,10.0,0
EMP01762,Engineering,QA Engineer,1,2023-10-20,2023-10-27,0.2,3.31,0.828,2.0,54.5,56.1,1
EMP01763,Engineering,QA Engineer,2,2017-08-23,2024-07-27,83.1,6.03,0.861,4.0,44.6,20.9,1
EMP01764,Engineering,DevOps Engineer,1,2023-08-24,,37.2,4.21,1.053,2.0,39.5,0.0,0
EMP01765,Engineering,Software Engineer,1,2016-07-07,,122.8,3.96,0.989,3.0,48.6,38.5,0
EMP01766,Engineering,Data Engineer,3,2025-12-27,,9.1,13.0,1.083,5.0,41.5,4.7,0
EMP01767,Product,UX Designer,1,2022-12-21,2025-07-15,30.8,4.04,1.01,2.0,34.4,0.0,1
EMP01768,Engineering,DevOps Engineer,4,2024-01-27,,32.1,22.32,1.116,4.0,47.3,29.9,0
EMP01769,Engineering,DevOps Engineer,3,2022-11-06,,46.8,12.53,1.044,3.0,40.9,2.8,0
EMP01770,Marketing,Digital Marketer,3,2019-12-07,,81.8,13.19,1.099,2.0,44.4,12.1,0
EMP01771,Customer Support,Support Agent,2,2023-03-25,2025-07-23,28.0,5.24,0.749,5.0,41.3,2.0,1
EMP01772,Marketing,Digital Marketer,4,2022-05-11,,52.7,17.04,0.852,3.0,46.2,22.6,0
EMP01773,Customer Support,Support Agent,2,2021-01-15,,68.5,6.69,0.956,4.0,45.8,27.9,0
EMP01774,Finance,Payroll Specialist,2,2019-08-19,,85.4,7.91,1.13,4.0,32.0,0.0,0
EMP01775,Customer Support,Support Agent,2,2021-03-20,,66.4,8.58,1.226,1.0,46.7,25.8,0
EMP01776,Customer Support,Team Lead - Support,4,2023-06-18,2024-07-26,13.3,19.61,0.98,3.0,43.7,16.2,1
EMP01777,Operations,Process Specialist,1,2018-07-23,2024-05-07,69.5,3.71,0.927,3.0,49.4,31.5,1
EMP01778,Sales,Sales Executive,2,2023-07-01,2024-08-25,13.8,5.36,0.765,3.0,46.8,25.5,1
EMP01779,Sales,Account Manager,3,2019-05-08,2023-09-02,51.8,13.24,1.104,2.0,48.4,34.8,1
EMP01780,Sales,Account Manager,2,2018-11-08,,94.7,6.54,0.934,3.0,41.8,7.7,0
EMP01781,Engineering,QA Engineer,4,2017-02-06,,115.7,27.1,1.355,4.0,41.4,4.0,0
EMP01782,Marketing,Content Specialist,2,2022-06-07,,51.8,6.38,0.911,,42.9,11.5,0
EMP01783,Engineering,Data Engineer,1,2023-10-27,,35.1,5.01,1.253,4.0,43.4,14.6,0
EMP01784,Engineering,Software Engineer,2,2024-10-26,2025-10-19,11.8,7.63,1.09,3.0,51.0,44.0,1
EMP01785,Engineering,Data Engineer,2,2019-01-09,2024-06-04,64.8,6.14,0.877,2.0,44.3,19.8,1
EMP01786,Finance,Payroll Specialist,1,2021-09-28,2026-07-09,57.3,4.11,1.028,2.0,37.5,0.0,1
EMP01787,Sales,Account Manager,1,2021-05-15,,64.5,4.37,1.093,2.0,41.3,6.7,0
EMP01788,Operations,Logistics Coordinator,1,2023-10-18,2024-11-09,12.7,3.89,0.973,3.0,47.3,34.3,1
EMP01789,Finance,Financial Analyst,3,2024-12-14,,21.5,13.21,1.101,2.0,42.2,11.3,0
EMP01790,Engineering,Software Engineer,4,2024-08-09,,25.7,21.96,1.098,4.0,44.0,21.2,0
EMP01791,Marketing,Content Specialist,2,2025-01-26,2025-02-21,0.9,7.5,1.072,4.0,47.8,29.2,1
EMP01792,Sales,Business Development Rep,1,2017-03-18,2023-09-26,78.3,3.99,0.998,2.0,40.9,0.0,1
EMP01793,Engineering,Software Engineer,2,2019-10-14,,83.5,6.01,0.859,4.0,34.9,0.0,0
EMP01794,Operations,Process Specialist,4,2022-12-18,,45.4,19.82,0.991,5.0,39.2,0.0,0
EMP01795,Finance,Payroll Specialist,3,2023-07-07,,38.8,12.25,1.021,1.0,44.1,20.8,0
EMP01796,Sales,Business Development Rep,1,2021-02-20,2023-01-23,23.1,3.1,0.775,5.0,43.9,12.2,1
EMP01797,Customer Support,Support Specialist,1,2025-08-02,,13.9,4.08,1.02,3.0,38.0,0.0,0
EMP01798,Sales,Account Manager,4,2025-06-26,2025-07-05,0.3,19.77,0.988,3.0,49.6,39.6,1
EMP01799,Customer Support,Support Specialist,4,2023-08-14,2023-12-04,3.7,16.89,0.844,2.0,45.7,23.1,1
EMP01800,Customer Support,Team Lead - Support,1,2016-05-29,,124.1,3.84,0.96,4.0,46.8,26.7,0
EMP01801,Customer Support,Team Lead - Support,3,2022-04-23,,53.3,11.55,0.963,4.0,46.9,28.7,0
EMP01802,Customer Support,Support Specialist,1,2025-10-18,,11.4,4.93,1.232,5.0,39.2,0.0,0
EMP01803,Engineering,Data Engineer,1,2024-03-26,,30.2,4.11,1.026,5.0,46.4,30.2,0
EMP01804,Operations,Logistics Coordinator,3,2026-02-28,,7.0,13.49,1.124,2.0,47.1,28.5,0
EMP01805,Operations,Logistics Coordinator,2,2024-08-30,2024-09-06,0.2,6.9,0.986,3.0,48.1,30.0,1
EMP01806,Operations,Operations Analyst,2,2016-01-14,2023-01-27,84.4,5.43,0.775,,46.2,29.4,1
EMP01807,Engineering,DevOps Engineer,4,2025-07-29,,14.1,21.61,1.081,2.0,47.3,26.0,0
EMP01808,Sales,Account Manager,3,2018-04-08,,101.7,11.05,0.921,2.0,37.2,0.0,0
EMP01809,Sales,Business Development Rep,1,2016-02-07,,127.7,3.84,0.96,5.0,44.9,23.6,0
EMP01810,Engineering,DevOps Engineer,2,2017-12-02,,105.9,6.12,0.874,3.0,40.7,7.3,0
EMP01811,Engineering,Software Engineer,3,2025-12-17,2026-03-24,3.2,12.1,1.009,2.0,50.8,45.3,1
EMP01812,Sales,Account Manager,2,2024-12-01,,21.9,7.89,1.128,5.0,50.1,34.1,0
EMP01813,Operations,Process Specialist,5,2025-06-28,,15.1,35.58,1.112,4.0,38.7,0.0,0
EMP01814,Engineering,QA Engineer,3,2026-05-01,,5.0,14.28,1.19,3.0,44.8,20.1,0
EMP01815,Marketing,Content Specialist,1,2026-01-26,,8.1,4.83,1.207,3.0,44.1,14.4,0
EMP01816,Customer Support,Team Lead - Support,1,2026-07-16,,2.5,3.02,0.754,4.0,49.1,35.5,0
EMP01817,Marketing,Content Specialist,3,2025-08-16,2025-12-07,3.7,10.28,0.857,3.0,35.5,0.0,1
EMP01818,Sales,Business Development Rep,5,2024-08-19,2026-07-28,23.3,25.06,0.783,3.0,35.1,0.0,1
EMP01819,Customer Support,Support Specialist,1,2023-07-18,,38.4,4.3,1.076,3.0,45.2,17.1,0
EMP01820,Customer Support,Support Agent,1,2024-09-11,2025-01-18,4.2,3.67,0.917,1.0,33.6,0.0,1
EMP01821,HR,Recruiter,3,2020-11-30,,70.0,11.3,0.941,3.0,43.7,16.3,0
EMP01822,Customer Support,Team Lead - Support,1,2020-01-08,,80.7,3.9,0.974,3.0,47.7,30.1,0
EMP01823,Customer Support,Support Specialist,1,2020-02-17,2023-05-21,39.1,4.18,1.046,3.0,50.6,44.5,1
EMP01824,Customer Support,Team Lead - Support,4,2020-10-06,2023-09-20,35.4,16.44,0.822,3.0,42.2,9.1,1
EMP01825,Operations,Operations Analyst,3,2021-07-23,2023-10-27,27.1,10.19,0.849,3.0,43.7,18.8,1
EMP01826,Engineering,Data Engineer,4,2016-06-05,2024-08-11,98.2,20.0,1.0,,47.9,32.1,1
EMP01827,Customer Support,Support Agent,3,2021-02-13,,67.5,13.73,1.144,3.0,39.7,2.8,0
EMP01828,Customer Support,Team Lead - Support,2,2024-02-04,2025-01-07,11.1,6.98,0.997,2.0,49.1,30.8,1
EMP01829,HR,Recruiter,4,2018-12-05,,93.8,18.1,0.905,5.0,44.2,18.2,0
EMP01830,Customer Support,Team Lead - Support,1,2026-06-08,,3.7,2.97,0.742,3.0,42.3,8.0,0
EMP01831,Sales,Business Development Rep,1,2025-04-01,,18.0,4.46,1.114,3.0,45.6,19.8,0
EMP01832,HR,HR Business Partner,4,2019-11-26,,82.1,18.23,0.912,2.0,42.4,13.1,0
EMP01833,Sales,Business Development Rep,3,2024-07-10,2025-02-11,7.1,10.35,0.862,4.0,48.5,36.7,1
EMP01834,Engineering,DevOps Engineer,4,2021-08-20,,61.3,15.88,0.794,3.0,43.4,7.6,0
EMP01835,Engineering,Data Engineer,1,2021-05-12,,64.6,3.31,0.827,3.0,46.0,26.1,0
EMP01836,Engineering,Software Engineer,4,2018-10-21,2023-11-24,61.1,17.69,0.885,4.0,42.2,10.6,1
EMP01837,Engineering,Software Engineer,2,2025-10-09,,11.7,6.8,0.971,4.0,40.8,1.0,0
EMP01838,Sales,Account Manager,3,2016-03-31,,126.0,10.26,0.855,3.0,45.8,20.7,0
EMP01839,Marketing,Digital Marketer,4,2021-11-12,,58.6,20.45,1.022,3.0,39.0,0.0,0
EMP01840,Operations,Process Specialist,2,2023-04-12,2025-03-02,22.7,6.79,0.97,5.0,46.6,25.4,1
EMP01841,Engineering,DevOps Engineer,3,2023-09-09,,36.7,15.2,1.267,5.0,47.7,30.3,0
EMP01842,Customer Support,Support Specialist,3,2019-02-17,,91.4,9.55,0.795,4.0,41.6,8.8,0
EMP01843,Engineering,DevOps Engineer,3,2016-08-13,,121.6,12.23,1.019,4.0,46.0,24.8,0
EMP01844,HR,HR Business Partner,4,2023-09-23,,36.2,20.42,1.021,4.0,39.5,0.0,0
EMP01845,Engineering,Data Engineer,3,2020-03-24,,78.2,10.52,0.876,5.0,37.8,0.0,0
EMP01846,Customer Support,Support Agent,1,2018-10-26,,95.1,4.05,1.011,2.0,42.3,8.4,0
EMP01847,Sales,Account Manager,1,2026-01-01,,8.9,4.37,1.092,,44.8,16.4,0
EMP01848,Operations,Logistics Coordinator,4,2023-09-02,,36.9,20.23,1.012,4.0,45.3,16.4,0
EMP01849,Sales,Business Development Rep,5,2020-12-31,,69.0,37.32,1.166,3.0,45.7,24.7,0
EMP01850,Operations,Logistics Coordinator,5,2023-05-12,2023-06-05,0.8,23.64,0.739,3.0,47.1,29.7,1
EMP01851,Engineering,Data Engineer,1,2026-06-21,,3.3,3.6,0.899,3.0,40.6,4.1,0
EMP01852,Finance,Financial Analyst,2,2016-03-25,2023-07-29,88.1,8.24,1.177,4.0,41.3,3.0,1
EMP01853,Customer Support,Team Lead - Support,3,2017-12-29,,105.0,13.31,1.109,3.0,52.4,50.1,0
EMP01854,Operations,Operations Analyst,3,2026-02-05,,7.8,12.78,1.065,3.0,34.3,0.0,0
EMP01855,Finance,Payroll Specialist,1,2020-10-01,,72.0,4.59,1.148,3.0,41.0,1.0,0
EMP01856,Product,Product Analyst,2,2026-08-30,,1.0,5.39,0.77,2.0,38.2,0.0,0
EMP01857,Engineering,QA Engineer,1,2018-11-07,,94.8,4.38,1.095,3.0,44.1,17.2,0
EMP01858,Sales,Business Development Rep,2,2024-02-16,2025-11-23,21.2,7.89,1.128,3.0,43.0,7.1,1
EMP01859,Engineering,Data Engineer,1,2016-12-14,,117.5,3.68,0.921,3.0,47.7,27.6,0
EMP01860,Engineering,QA Engineer,1,2017-02-25,,115.1,5.26,1.316,2.0,46.1,23.3,0
EMP01861,Customer Support,Support Specialist,1,2016-03-04,,126.9,4.09,1.024,2.0,39.1,0.0,0
EMP01862,Product,Product Analyst,4,2025-08-02,,13.9,14.74,0.737,3.0,40.4,0.0,0
EMP01863,Product,UX Designer,3,2025-08-23,,13.2,12.55,1.046,3.0,43.0,12.4,0
EMP01864,Customer Support,Support Agent,4,2023-12-07,,33.8,18.27,0.914,5.0,48.3,33.9,0
EMP01865,Customer Support,Support Agent,2,2025-11-20,,10.3,7.98,1.14,4.0,55.9,62.9,0
EMP01866,Finance,Financial Analyst,2,2024-12-23,,21.2,7.46,1.066,4.0,46.2,25.6,0
EMP01867,HR,HR Generalist,2,2025-05-21,,16.3,6.5,0.928,3.0,38.4,0.0,0
EMP01868,Engineering,Software Engineer,2,2021-10-14,2023-10-15,24.0,8.26,1.18,2.0,44.6,16.4,1
EMP01869,Customer Support,Support Specialist,2,2023-01-21,,44.3,7.79,1.113,4.0,45.8,27.5,0
EMP01870,Marketing,Digital Marketer,3,2021-01-04,2023-12-06,35.0,10.81,0.901,3.0,40.7,7.3,1
EMP01871,Sales,Sales Executive,3,2016-04-03,,125.9,11.78,0.982,2.0,47.1,30.9,0
EMP01872,Sales,Business Development Rep,4,2024-04-24,,29.2,21.24,1.062,3.0,34.8,0.0,0
EMP01873,Product,Product Manager,1,2025-07-16,,14.5,3.83,0.956,3.0,45.5,16.5,0
EMP01874,Product,Product Analyst,2,2022-01-28,,56.0,6.72,0.96,3.0,40.9,0.8,0
EMP01875,Finance,Payroll Specialist,1,2026-01-21,,8.3,4.02,1.004,1.0,42.5,9.1,0
EMP01876,Marketing,Content Specialist,1,2022-02-06,2024-09-12,31.2,3.49,0.872,3.0,49.6,45.6,1
EMP01877,Engineering,Data Engineer,3,2023-08-01,2024-01-13,5.4,8.78,0.732,1.0,39.3,0.0,1
EMP01878,Sales,Sales Executive,2,2020-09-24,2023-01-25,28.0,7.2,1.029,,46.2,27.0,1
EMP01879,Customer Support,Support Agent,3,2026-06-29,2026-09-21,2.8,9.14,0.761,4.0,48.6,35.5,1
EMP01880,Customer Support,Support Agent,1,2025-08-08,,13.7,3.52,0.881,5.0,45.8,24.3,0
EMP01881,Customer Support,Support Specialist,5,2022-10-09,2023-10-04,11.8,25.2,0.787,3.0,37.7,0.0,1
EMP01882,Customer Support,Team Lead - Support,5,2023-11-05,2024-08-15,9.3,25.67,0.802,1.0,51.1,40.8,1
EMP01883,Sales,Business Development Rep,2,2023-06-26,2023-11-13,4.6,7.36,1.051,3.0,44.0,7.9,1
EMP01884,Operations,Logistics Coordinator,4,2026-04-14,,5.6,19.47,0.973,3.0,40.6,6.2,0
EMP01885,Sales,Account Manager,1,2023-03-13,,42.6,3.88,0.969,4.0,43.6,12.6,0
EMP01886,Sales,Business Development Rep,3,2025-01-17,2025-09-29,8.4,10.11,0.842,4.0,43.3,7.6,1
EMP01887,Engineering,QA Engineer,4,2023-12-28,2025-03-18,14.7,18.43,0.921,3.0,39.6,0.0,1
EMP01888,Engineering,Software Engineer,3,2022-08-17,,49.4,12.54,1.045,4.0,45.7,24.1,0
EMP01889,Finance,Accountant,3,2026-02-08,2026-02-15,0.2,11.92,0.994,3.0,40.3,3.5,1
EMP01890,Sales,Sales Executive,2,2023-12-05,,33.8,7.69,1.099,3.0,48.0,35.3,0
EMP01891,Engineering,DevOps Engineer,3,2022-06-07,2025-04-18,34.4,13.39,1.116,5.0,47.3,26.4,1
EMP01892,Operations,Logistics Coordinator,3,2023-06-24,2025-11-10,28.6,11.64,0.97,3.0,50.3,38.6,1
EMP01893,Customer Support,Support Specialist,1,2021-10-24,2024-07-29,33.1,3.11,0.778,3.0,44.0,15.0,1
EMP01894,Engineering,QA Engineer,1,2024-10-01,,24.0,3.64,0.909,4.0,41.4,8.1,0
EMP01895,Sales,Business Development Rep,3,2016-08-19,2023-07-06,82.5,11.86,0.988,3.0,38.4,0.0,1
EMP01896,Engineering,Data Engineer,3,2023-02-26,,43.1,10.88,0.907,3.0,54.9,60.0,0
EMP01897,Operations,Operations Analyst,2,2023-11-16,,34.5,6.11,0.873,1.0,46.0,26.8,0
EMP01898,Engineering,Software Engineer,4,2023-08-22,2023-08-29,0.2,20.17,1.008,3.0,41.9,10.3,1
EMP01899,Engineering,Software Engineer,3,2024-04-22,,29.3,15.5,1.292,3.0,52.6,52.5,0
EMP01900,Engineering,Data Engineer,2,2026-03-26,,6.2,6.59,0.941,3.0,51.1,47.6,0
EMP01901,Customer Support,Support Specialist,2,2016-07-04,,122.9,7.0,1.0,3.0,38.9,0.0,0
EMP01902,Engineering,Data Engineer,2,2024-03-18,2024-12-26,9.3,5.9,0.843,3.0,41.6,11.2,1
EMP01903,Finance,Financial Analyst,3,2020-12-22,2025-04-24,52.0,13.79,1.149,3.0,42.4,10.6,1
EMP01904,Engineering,DevOps Engineer,2,2023-03-20,,42.4,7.73,1.105,4.0,40.2,4.8,0
EMP01905,Customer Support,Support Agent,2,2024-01-02,,32.9,7.68,1.097,3.0,44.6,14.9,0
EMP01906,Sales,Account Manager,3,2025-02-22,,19.2,13.96,1.163,3.0,48.2,27.5,0
EMP01907,Sales,Sales Executive,3,2023-12-25,,33.2,11.38,0.949,4.0,38.8,0.6,0
EMP01908,Engineering,DevOps Engineer,3,2025-09-08,,12.7,11.56,0.964,2.0,46.3,22.4,0
EMP01909,Marketing,Marketing Executive,1,2025-06-09,,15.7,4.82,1.205,3.0,48.3,32.3,0
EMP01910,Finance,Accountant,3,2024-07-05,,26.8,12.91,1.076,2.0,44.8,20.8,0
EMP01911,Engineering,Software Engineer,2,2024-01-12,2024-03-20,2.2,5.14,0.734,3.0,44.7,21.1,1
EMP01912,Engineering,Data Engineer,1,2024-10-23,2026-05-08,18.5,4.22,1.055,5.0,42.0,11.2,1
EMP01913,Finance,Payroll Specialist,3,2016-05-19,,124.4,11.16,0.93,3.0,46.7,27.5,0
EMP01914,Customer Support,Support Specialist,3,2024-07-14,2025-08-16,13.1,13.29,1.108,4.0,39.7,0.0,1
EMP01915,Engineering,DevOps Engineer,2,2025-12-23,2026-08-09,7.5,7.34,1.049,2.0,46.1,26.5,1
EMP01916,Engineering,Data Engineer,3,2019-02-12,2025-04-23,74.3,9.49,0.791,3.0,45.1,22.6,1
EMP01917,Operations,Logistics Coordinator,2,2018-01-07,,104.7,7.23,1.032,3.0,48.1,27.0,0
EMP01918,Operations,Logistics Coordinator,1,2024-07-27,,26.1,4.1,1.025,3.0,40.4,5.9,0
EMP01919,Customer Support,Support Specialist,2,2018-06-15,,99.5,7.31,1.044,3.0,42.8,3.7,0
EMP01920,HR,Recruiter,2,2022-02-05,,55.8,7.48,1.069,3.0,37.4,0.0,0
EMP01921,Customer Support,Support Specialist,3,2024-12-27,,21.1,14.15,1.18,3.0,47.0,26.1,0
EMP01922,Sales,Business Development Rep,4,2023-05-12,,40.6,20.99,1.05,4.0,43.1,14.5,0
EMP01923,Sales,Account Manager,3,2024-03-23,,30.3,12.03,1.003,4.0,41.1,5.9,0
EMP01924,Sales,Account Manager,1,2025-04-24,,17.2,4.55,1.138,3.0,41.5,5.9,0
EMP01925,Engineering,Software Engineer,2,2020-01-31,2023-11-26,45.8,8.88,1.269,5.0,47.4,31.0,1
EMP01926,Engineering,Data Engineer,1,2025-08-07,,13.8,4.44,1.11,2.0,40.0,0.0,0
EMP01927,Sales,Business Development Rep,3,2024-05-06,,28.8,12.3,1.025,3.0,40.4,3.7,0
EMP01928,Operations,Operations Analyst,1,2023-06-18,,39.4,4.21,1.052,3.0,47.0,34.6,0
EMP01929,Engineering,QA Engineer,2,2023-04-29,2026-05-07,36.3,7.22,1.031,3.0,44.3,13.2,1
EMP01930,Sales,Business Development Rep,3,2025-04-12,,17.6,12.03,1.002,3.0,49.3,27.6,0
EMP01931,Operations,Operations Analyst,3,2025-09-30,,12.0,15.12,1.26,3.0,41.4,4.4,0
EMP01932,Customer Support,Team Lead - Support,1,2020-03-04,2023-01-23,34.7,3.64,0.91,4.0,45.0,18.5,1
EMP01933,Marketing,Digital Marketer,2,2023-05-28,,40.1,7.97,1.139,3.0,43.7,13.7,0
EMP01934,Marketing,Digital Marketer,3,2016-06-26,,123.1,11.82,0.985,4.0,49.2,34.0,0
EMP01935,Operations,Operations Analyst,2,2018-09-29,2025-01-14,75.5,5.76,0.822,3.0,48.9,38.2,1
EMP01936,Engineering,QA Engineer,1,2019-07-23,,86.3,3.91,0.977,3.0,50.2,36.7,0
EMP01937,Sales,Account Manager,4,2023-10-18,2024-02-05,3.6,18.69,0.934,3.0,42.2,10.2,1
EMP01938,Customer Support,Team Lead - Support,2,2026-04-03,,5.9,7.49,1.069,3.0,40.6,4.3,0
EMP01939,Engineering,Software Engineer,2,2026-04-16,2026-05-02,0.5,7.08,1.011,3.0,,34.5,1
EMP01940,Engineering,QA Engineer,1,2021-05-30,,64.0,3.51,0.877,4.0,51.2,46.3,0
EMP01941,Engineering,Software Engineer,2,2019-08-02,,85.9,8.24,1.177,3.0,50.2,43.6,0
EMP01942,Sales,Business Development Rep,2,2017-02-21,,115.3,7.92,1.131,2.0,45.1,20.6,0
EMP01943,Sales,Business Development Rep,1,2017-05-18,,112.4,4.76,1.19,,48.3,32.2,0
EMP01944,Engineering,Software Engineer,2,2018-02-22,,103.2,7.2,1.028,3.0,48.4,35.1,0
EMP01945,Marketing,Marketing Executive,2,2024-07-21,,26.3,6.97,0.996,5.0,43.7,16.6,0
EMP01946,HR,HR Generalist,4,2020-12-02,2025-01-19,49.6,21.69,1.084,3.0,43.9,18.3,1
EMP01947,Engineering,Data Engineer,4,2026-02-03,,7.9,18.61,0.931,3.0,45.4,16.5,0
EMP01948,HR,Recruiter,1,2022-12-08,2024-04-05,15.9,4.06,1.016,3.0,39.5,0.0,1
EMP01949,Engineering,QA Engineer,1,2024-01-23,2025-05-27,16.1,3.92,0.979,3.0,41.9,4.4,1
EMP01950,HR,HR Generalist,3,2025-07-01,,15.0,9.9,0.825,3.0,39.8,0.9,0
EMP01951,HR,Recruiter,5,2022-11-30,2026-08-23,44.7,32.49,1.015,2.0,35.8,0.0,1
EMP01952,Engineering,QA Engineer,4,2018-09-12,2024-03-12,66.0,18.94,0.947,,45.6,21.6,1
EMP01953,Marketing,Marketing Executive,1,2026-05-30,,4.0,3.88,0.971,4.0,42.8,9.0,0
EMP01954,Product,UX Designer,1,2021-02-03,,67.8,4.17,1.044,3.0,46.4,27.4,0
EMP01955,Finance,Financial Analyst,1,2024-08-01,2026-08-05,24.1,4.61,1.153,3.0,48.7,34.4,1
EMP01956,Product,Product Analyst,3,2025-10-21,,11.3,10.78,0.898,4.0,49.0,40.3,0
EMP01957,Customer Support,Team Lead - Support,2,2021-01-11,,68.6,6.72,0.96,2.0,51.4,50.9,0
EMP01958,Engineering,DevOps Engineer,2,2023-09-16,2024-05-17,8.0,6.36,0.908,3.0,41.6,9.4,1
EMP01959,Finance,Accountant,2,2018-11-21,2025-08-11,80.7,6.3,0.9,2.0,36.6,0.0,1
EMP01960,Customer Support,Support Agent,1,2016-07-31,2023-06-29,82.9,3.71,0.929,2.0,49.2,42.3,1
EMP01961,Customer Support,Support Agent,2,2019-01-10,2025-10-07,80.9,6.83,0.976,1.0,51.2,45.5,1
EMP01962,Sales,Business Development Rep,1,2017-03-13,,114.6,4.28,1.07,4.0,52.0,46.6,0
EMP01963,Customer Support,Support Specialist,3,2024-06-17,,27.4,12.46,1.038,3.0,47.2,26.8,0
EMP01964,Engineering,Data Engineer,3,2025-07-05,2025-07-29,0.8,10.48,0.873,4.0,36.0,0.0,1
EMP01965,Operations,Logistics Coordinator,3,2019-05-17,,88.5,13.86,1.155,4.0,44.6,18.4,0
EMP01966,Engineering,QA Engineer,2,2025-06-05,,15.8,7.79,1.113,2.0,47.5,31.4,0
EMP01967,Operations,Logistics Coordinator,3,2023-02-22,,43.2,10.7,0.892,4.0,48.6,30.2,0
EMP01968,Finance,Payroll Specialist,3,2023-01-16,,44.5,13.76,1.147,3.0,49.4,36.3,0
EMP01969,Sales,Account Manager,1,2023-04-20,2023-12-05,7.5,4.16,1.039,4.0,49.1,37.0,1
EMP01970,Customer Support,Team Lead - Support,1,2019-03-07,2023-08-06,53.0,3.92,0.981,3.0,42.4,11.5,1
EMP01971,Sales,Business Development Rep,3,2022-09-28,2024-07-18,21.7,12.52,1.043,3.0,40.4,1.5,1
EMP01972,HR,HR Business Partner,1,2022-10-11,,47.6,3.99,0.997,3.0,45.4,22.3,0
EMP01973,Operations,Process Specialist,1,2023-04-14,,41.6,4.26,1.065,4.0,39.4,0.0,0
EMP01974,Sales,Account Manager,1,2025-10-08,2025-12-01,1.8,4.09,1.022,3.0,51.6,43.7,1
EMP01975,Engineering,Software Engineer,1,2025-10-21,,11.3,3.84,0.96,4.0,37.3,0.0,0
EMP01976,Engineering,QA Engineer,2,2026-07-24,,2.2,5.3,0.757,2.0,47.6,31.9,0
EMP01977,Sales,Business Development Rep,2,2021-11-01,,58.9,7.44,1.063,3.0,46.4,26.3,0
EMP01978,HR,HR Business Partner,1,2025-07-18,,14.4,3.82,0.955,3.0,42.1,5.9,0
EMP01979,Operations,Logistics Coordinator,3,2022-08-06,,49.8,13.12,1.093,2.0,38.8,0.0,0
EMP01980,Engineering,QA Engineer,1,2025-11-02,2026-04-09,5.2,4.23,1.058,2.0,35.7,0.0,1
EMP01981,Finance,Financial Analyst,2,2018-10-02,,95.9,6.71,0.958,3.0,40.6,4.0,0
EMP01982,Sales,Business Development Rep,1,2025-01-13,2025-06-06,4.7,4.49,1.123,4.0,42.7,10.3,1
EMP01983,Finance,Accountant,3,2025-05-28,2025-10-27,5.0,12.29,1.025,4.0,48.0,28.9,1
EMP01984,Engineering,QA Engineer,4,2024-09-19,,24.3,20.39,1.02,3.0,41.5,3.9,0
EMP01985,Customer Support,Support Agent,2,2016-10-13,2026-03-16,113.1,6.88,0.983,3.0,47.0,28.0,1
EMP01986,HR,HR Business Partner,1,2019-02-15,,91.5,4.81,1.202,2.0,37.2,0.0,0
EMP01987,Engineering,QA Engineer,1,2023-06-15,2024-03-27,9.4,3.66,0.914,4.0,47.2,30.5,1
EMP01988,Operations,Operations Analyst,1,2026-05-30,,4.0,3.85,0.961,4.0,32.9,0.0,0
EMP01989,Product,Product Analyst,4,2020-09-09,,72.7,17.03,0.852,4.0,52.4,48.5,0
EMP01990,Engineering,Software Engineer,1,2016-12-05,2026-03-19,111.4,4.35,1.087,4.0,44.4,16.1,1
EMP01991,Engineering,QA Engineer,5,2019-02-26,,91.1,29.76,0.93,3.0,,0.0,0
EMP01992,Operations,Process Specialist,2,2025-10-28,,11.1,6.61,0.944,3.0,39.8,0.0,0
EMP01993,Sales,Account Manager,2,2025-06-04,,15.9,6.57,0.938,4.0,41.1,0.5,0
EMP01994,Engineering,Data Engineer,4,2023-04-13,2023-05-24,1.3,20.15,1.008,2.0,42.0,3.1,1
EMP01995,Sales,Business Development Rep,1,2026-07-01,,3.0,3.4,0.85,2.0,,12.5,0
EMP01996,Operations,Process Specialist,3,2023-01-18,2023-10-04,8.5,8.77,0.731,3.0,40.0,2.8,1
EMP01997,Sales,Sales Executive,1,2026-03-10,,6.7,4.22,1.055,4.0,41.3,3.5,0
EMP01998,Sales,Business Development Rep,4,2024-09-27,2025-02-26,5.0,14.93,0.746,3.0,39.8,3.6,1
EMP01999,Finance,Accountant,2,2025-08-30,,13.0,7.72,1.102,5.0,46.7,26.8,0
EMP02000,Customer Support,Support Specialist,1,2020-04-24,,77.2,4.75,1.187,3.0,50.4,44.9,0
EMP02001,Finance,Payroll Specialist,3,2026-06-01,,4.0,11.76,0.98,3.0,41.9,5.3,0
EMP02002,Sales,Sales Executive,1,2026-04-07,,5.8,4.62,1.156,3.0,44.9,17.4,0
EMP02003,HR,HR Generalist,1,2022-12-07,,45.8,3.99,0.997,4.0,37.9,0.0,0
EMP02004,Operations,Operations Analyst,3,2017-05-24,,112.2,14.3,1.192,3.0,43.3,14.6,0
EMP02005,Engineering,Software Engineer,2,2026-02-16,,7.4,6.62,0.945,5.0,46.0,23.5,0
EMP02006,Finance,Financial Analyst,4,2025-11-05,,10.8,14.32,0.716,3.0,42.0,8.9,0
EMP02007,Customer Support,Team Lead - Support,3,2016-10-21,2023-07-20,80.9,11.88,0.99,4.0,46.8,29.0,1
EMP02008,Engineering,Software Engineer,3,2018-04-16,,101.5,14.46,1.205,4.0,46.4,21.3,0
EMP02009,Engineering,QA Engineer,1,2019-10-31,,83.0,4.26,1.064,3.0,40.3,0.2,0
EMP02010,Operations,Process Specialist,1,2016-02-20,2026-02-16,119.9,3.75,0.938,4.0,48.4,32.0,1
EMP02011,Engineering,Data Engineer,5,2016-02-03,2023-02-27,84.8,33.26,1.039,3.0,44.1,15.0,1
EMP02012,Sales,Sales Executive,1,2025-11-13,,10.5,4.47,1.117,4.0,52.5,51.2,0
EMP02013,Engineering,DevOps Engineer,2,2026-06-18,,3.4,6.93,0.99,4.0,46.9,26.1,0
EMP02014,Sales,Sales Executive,1,2026-08-04,,1.9,5.26,1.315,3.0,53.9,49.6,0
EMP02015,Sales,Sales Executive,1,2023-01-22,,44.3,3.75,0.938,3.0,50.3,40.5,0
EMP02016,Customer Support,Support Agent,2,2022-12-27,,45.1,7.84,1.12,5.0,,20.8,0
EMP02017,Engineering,DevOps Engineer,3,2016-04-19,,125.4,13.1,1.091,5.0,41.7,8.3,0
EMP02018,Engineering,Software Engineer,3,2023-08-14,,37.6,10.99,0.916,3.0,41.8,9.6,0
EMP02019,Customer Support,Support Agent,4,2016-03-11,,126.7,18.98,0.949,5.0,47.4,23.1,0
EMP02020,Sales,Sales Executive,1,2024-09-15,,24.5,4.49,1.122,3.0,45.6,20.1,0
EMP02021,Operations,Logistics Coordinator,2,2019-11-30,,82.0,7.12,1.017,3.0,40.3,2.3,0
EMP02022,Engineering,DevOps Engineer,1,2025-10-24,,11.2,4.16,1.041,3.0,48.7,30.6,0
EMP02023,Engineering,QA Engineer,3,2018-10-04,2024-02-01,63.9,9.64,0.804,1.0,45.2,23.1,1
EMP02024,Engineering,QA Engineer,2,2025-08-13,2025-11-24,3.4,7.55,1.079,3.0,48.8,38.3,1
EMP02025,Sales,Account Manager,2,2025-01-11,2025-11-17,10.2,7.24,1.034,3.0,40.6,1.9,1
EMP02026,Sales,Account Manager,1,2022-01-31,,56.0,3.97,0.992,2.0,49.5,35.7,0
EMP02027,Marketing,Marketing Executive,3,2024-09-21,,24.3,12.52,1.043,3.0,45.3,14.3,0
EMP02028,Sales,Business Development Rep,3,2025-12-01,,10.0,11.41,0.951,4.0,50.4,44.0,0
EMP02029,Customer Support,Team Lead - Support,4,2025-03-31,,18.0,18.58,0.929,4.0,49.4,43.6,0
EMP02030,Customer Support,Support Specialist,1,2020-05-15,2024-07-30,50.5,3.88,0.971,5.0,44.6,23.8,1
EMP02031,Engineering,DevOps Engineer,5,2021-11-29,,58.0,30.22,0.944,3.0,44.3,16.6,0
EMP02032,Customer Support,Team Lead - Support,1,2023-10-31,2024-06-13,7.4,5.05,1.262,4.0,53.0,48.7,1
EMP02033,Sales,Account Manager,2,2020-01-09,,80.7,7.77,1.109,2.0,43.7,17.3,0
EMP02034,Sales,Account Manager,1,2024-02-08,2024-05-13,3.1,3.54,0.884,2.0,48.4,33.2,1
EMP02035,Engineering,QA Engineer,1,2017-07-21,,110.3,4.98,1.244,4.0,43.3,14.6,0
EMP02036,Marketing,Marketing Executive,2,2022-05-27,,52.1,6.64,0.948,3.0,34.6,0.0,0
EMP02037,HR,HR Business Partner,1,2023-01-05,,44.8,4.01,1.004,4.0,37.5,0.0,0
EMP02038,Engineering,QA Engineer,2,2026-04-13,,5.6,7.75,1.108,,46.8,30.3,0
EMP02039,Customer Support,Support Agent,3,2022-08-04,2023-03-10,7.2,9.16,0.764,3.0,48.2,36.0,1
EMP02040,Marketing,Digital Marketer,3,2020-09-07,,72.7,11.66,0.972,3.0,44.8,17.6,0
EMP02041,Sales,Account Manager,3,2024-02-14,2025-08-18,18.1,11.17,0.931,2.0,50.2,38.0,1
EMP02042,Marketing,Content Specialist,2,2022-08-25,,49.2,7.17,1.025,3.0,44.8,11.7,0
EMP02043,Customer Support,Support Agent,1,2025-08-28,2026-01-13,4.5,4.18,1.044,2.0,41.5,5.0,1
EMP02044,HR,HR Generalist,3,2024-02-14,2024-10-21,8.2,11.89,0.991,3.0,45.7,19.5,1
EMP02045,Product,UX Designer,1,2024-10-03,,23.9,3.94,0.985,4.0,43.8,16.5,0
EMP02046,Engineering,QA Engineer,1,2016-03-24,2023-04-21,84.9,4.51,1.128,2.0,42.4,8.6,1
EMP02047,Sales,Sales Executive,1,2025-02-20,,19.3,4.14,1.036,3.0,47.1,27.7,0
EMP02048,Customer Support,Team Lead - Support,3,2018-05-01,2025-09-10,88.3,12.06,1.005,3.0,45.4,24.0,1
EMP02049,Engineering,QA Engineer,2,2023-06-14,2024-03-04,8.7,7.12,1.018,3.0,42.3,10.4,1
EMP02050,Sales,Business Development Rep,3,2026-07-14,,2.6,14.64,1.22,3.0,44.2,16.4,0
EMP02051,Product,Product Manager,2,2023-12-22,2024-07-13,6.7,7.15,1.021,3.0,49.4,42.7,1
EMP02052,Engineering,DevOps Engineer,2,2023-01-31,2024-04-29,14.9,6.57,0.938,4.0,51.2,47.0,1
EMP02053,Sales,Business Development Rep,2,2019-03-11,2025-01-03,69.8,5.4,0.771,,45.8,22.0,1
EMP02054,Finance,Payroll Specialist,1,2021-07-21,,62.3,3.31,0.828,4.0,43.3,12.1,0
EMP02055,Sales,Sales Executive,2,2026-08-12,,1.6,6.61,0.944,2.0,38.6,0.0,0
EMP02056,Sales,Business Development Rep,3,2021-06-25,,63.2,11.84,0.987,3.0,52.7,51.4,0
EMP02057,Product,UX Designer,2,2020-04-24,,77.2,6.53,0.933,3.0,47.7,27.4,0
EMP02058,Sales,Account Manager,1,2024-07-10,2025-04-28,9.6,4.17,1.042,2.0,48.4,36.3,1
EMP02059,Engineering,Software Engineer,3,2023-11-04,2024-07-06,8.0,11.18,0.932,2.0,34.8,0.0,1
EMP02060,Engineering,Software Engineer,2,2026-08-23,,1.2,6.23,0.89,2.0,45.2,24.3,0
EMP02061,HR,HR Generalist,1,2025-02-01,,19.9,4.29,1.074,1.0,42.4,14.2,0
EMP02062,Engineering,Software Engineer,1,2026-07-01,,3.0,4.66,1.164,3.0,48.1,38.6,0
EMP02063,Customer Support,Team Lead - Support,2,2016-05-17,,124.5,6.07,0.867,2.0,43.0,17.2,0
EMP02064,Engineering,Data Engineer,2,2025-05-12,,16.6,7.2,1.029,4.0,44.0,17.0,0
EMP02065,Sales,Account Manager,3,2020-06-14,2024-04-30,46.5,9.26,0.771,4.0,47.8,30.6,1
EMP02066,HR,Recruiter,1,2022-02-13,2024-05-06,26.7,3.29,0.823,3.0,39.5,0.0,1
EMP02067,Customer Support,Team Lead - Support,3,2020-08-15,2024-07-01,46.5,11.15,0.929,2.0,42.4,9.6,1
EMP02068,Product,Product Manager,1,2025-07-27,,14.1,4.54,1.136,3.0,43.9,17.2,0
EMP02069,Engineering,QA Engineer,3,2016-03-05,2024-05-04,98.0,10.88,0.907,4.0,51.0,44.1,1
EMP02070,Customer Support,Support Specialist,3,2023-05-09,2026-04-15,35.2,10.82,0.902,3.0,48.6,28.7,1
EMP02071,Finance,Accountant,2,2026-04-17,,5.5,7.03,1.004,2.0,47.8,30.3,0
EMP02072,Sales,Sales Executive,1,2017-06-28,,111.1,4.02,1.004,5.0,45.3,23.1,0
EMP02073,Engineering,DevOps Engineer,2,2025-11-25,,10.2,6.34,0.906,3.0,51.7,43.7,0
EMP02074,Finance,Payroll Specialist,5,2019-06-10,,87.7,39.63,1.238,3.0,35.2,0.0,0
EMP02075,Sales,Sales Executive,5,2024-05-07,2026-09-29,28.7,30.98,0.968,4.0,54.1,57.7,1
EMP02076,Customer Support,Support Agent,1,2023-11-05,2025-06-27,19.7,4.05,1.014,5.0,54.7,62.2,1
EMP02077,Product,Product Analyst,3,2020-07-22,,74.3,11.42,0.952,3.0,45.1,25.5,0
EMP02078,Engineering,Data Engineer,2,2026-05-04,2026-05-24,0.7,7.37,1.053,3.0,48.7,33.7,1
EMP02079,Sales,Account Manager,1,2025-10-28,,11.1,4.59,1.148,3.0,,19.8,0
EMP02080,Engineering,DevOps Engineer,3,2017-01-21,,116.3,14.4,1.2,3.0,44.1,17.0,0
EMP02081,Sales,Account Manager,2,2023-02-14,2023-08-10,5.8,6.36,0.909,3.0,42.3,11.1,1
EMP02082,Engineering,QA Engineer,2,2024-12-03,,21.9,7.92,1.132,3.0,44.8,20.8,0
EMP02083,Operations,Process Specialist,3,2020-06-05,,75.8,12.79,1.066,3.0,45.5,26.3,0
EMP02084,Engineering,Software Engineer,2,2018-12-12,,93.6,7.82,1.117,4.0,46.9,20.6,0
EMP02085,Operations,Operations Analyst,3,2023-03-08,2024-08-18,17.4,11.87,0.989,5.0,51.9,48.9,1
EMP02086,Engineering,Data Engineer,2,2024-08-16,2025-04-27,8.3,6.84,0.978,4.0,45.5,23.5,1
EMP02087,Sales,Account Manager,1,2023-03-21,2023-09-04,5.5,4.45,1.112,2.0,38.3,0.0,1
EMP02088,Sales,Sales Executive,2,2021-06-06,2025-01-14,43.3,7.8,1.115,3.0,52.4,42.8,1
EMP02089,Operations,Logistics Coordinator,4,2025-08-31,,13.0,23.76,1.188,3.0,37.5,0.0,0
EMP02090,Sales,Sales Executive,2,2017-12-11,,105.6,7.17,1.024,3.0,42.5,7.9,0
EMP02091,Sales,Business Development Rep,1,2023-09-29,2024-04-19,6.7,3.95,0.987,1.0,46.2,29.8,1
EMP02092,Finance,Payroll Specialist,3,2023-12-21,2024-02-07,1.6,8.46,0.705,4.0,44.9,20.7,1
EMP02093,Customer Support,Support Agent,5,2023-11-20,2023-12-23,1.1,25.81,0.807,3.0,38.5,0.0,1
EMP02094,Engineering,QA Engineer,4,2024-11-25,,22.1,19.05,0.953,2.0,,0.2,0
EMP02095,Finance,Accountant,2,2024-10-29,,23.0,6.08,0.868,3.0,36.3,0.0,0
EMP02096,Sales,Account Manager,2,2023-11-29,2023-12-20,0.7,7.68,1.098,5.0,47.8,33.3,1
EMP02097,Engineering,QA Engineer,2,2020-11-06,2024-07-18,44.4,5.9,0.843,3.0,50.3,40.6,1
EMP02098,Customer Support,Support Agent,3,2017-02-18,2026-02-09,107.7,11.28,0.94,2.0,39.5,0.0,1
EMP02099,Engineering,QA Engineer,4,2023-03-24,2024-12-08,20.5,18.89,0.945,3.0,49.5,37.0,1
EMP02100,Engineering,Data Engineer,3,2017-06-21,,111.3,13.73,1.145,4.0,49.2,40.0,0
EMP02101,Operations,Process Specialist,2,2026-07-10,,2.7,6.49,0.927,2.0,40.0,3.0,0
EMP02102,Engineering,QA Engineer,1,2026-05-07,,4.8,4.22,1.054,3.0,36.1,0.0,0
EMP02103,Marketing,Digital Marketer,2,2026-01-31,,8.0,7.16,1.023,4.0,38.2,0.0,0
EMP02104,HR,HR Generalist,1,2025-05-21,2026-05-07,11.5,4.43,1.108,4.0,40.3,7.3,1
EMP02105,Customer Support,Team Lead - Support,1,2023-03-08,,42.8,4.41,1.102,2.0,51.9,50.4,0
EMP02106,Operations,Operations Analyst,2,2021-09-23,2024-03-31,30.2,6.97,0.996,4.0,42.5,6.2,1
EMP02107,Operations,Logistics Coordinator,3,2024-07-26,,26.2,9.56,0.796,3.0,38.5,0.0,0
EMP02108,Product,Product Analyst,4,2026-03-12,,6.6,19.44,0.972,2.0,43.7,15.4,0
EMP02109,Sales,Business Development Rep,3,2016-07-09,2025-11-30,112.7,11.97,0.998,2.0,39.2,0.0,1
EMP02110,Engineering,QA Engineer,4,2025-05-06,,16.8,20.69,1.034,3.0,47.3,28.2,0
EMP02111,Customer Support,Team Lead - Support,3,2024-04-30,2025-04-17,11.6,10.94,0.911,1.0,40.6,2.3,1
EMP02112,Customer Support,Support Agent,3,2021-04-14,2025-07-05,50.7,13.64,1.137,4.0,41.3,4.9,1
EMP02113,Engineering,DevOps Engineer,1,2022-01-29,,56.0,4.01,1.002,4.0,46.7,30.2,0
EMP02114,Customer Support,Support Agent,3,2023-06-27,2023-11-20,4.8,10.67,0.89,1.0,,57.1,1
EMP02115,Engineering,Data Engineer,1,2026-01-04,,8.8,3.78,0.945,4.0,54.9,58.2,0
EMP02116,HR,Recruiter,1,2024-04-09,,29.7,4.93,1.231,5.0,38.3,0.0,0
EMP02117,Engineering,DevOps Engineer,1,2024-06-18,,27.4,4.32,1.08,1.0,42.3,10.4,0
EMP02118,Engineering,Data Engineer,3,2024-01-05,,32.8,13.51,1.126,4.0,47.3,34.1,0
EMP02119,Engineering,DevOps Engineer,3,2023-12-10,2026-07-18,31.2,10.5,0.875,5.0,50.3,40.0,1
EMP02120,Engineering,Software Engineer,4,2017-03-29,,114.1,18.35,0.917,4.0,35.3,0.0,0
EMP02121,Engineering,Software Engineer,5,2023-07-24,,38.2,29.38,0.918,3.0,45.4,19.1,0
EMP02122,Engineering,Software Engineer,4,2023-06-28,,39.1,20.44,1.022,4.0,42.8,11.3,0
EMP02123,Engineering,Data Engineer,1,2023-02-16,,43.4,3.92,0.979,4.0,36.3,0.0,0
EMP02124,Engineering,Data Engineer,4,2021-04-19,,65.4,18.83,0.941,3.0,39.0,0.0,0
EMP02125,Sales,Account Manager,3,2024-05-21,,28.3,11.48,0.956,3.0,42.4,9.3,0
EMP02126,Sales,Business Development Rep,4,2025-02-10,,19.6,18.09,0.905,3.0,45.3,23.0,0
EMP02127,Sales,Sales Executive,1,2026-04-25,,5.2,3.91,0.978,3.0,49.5,43.3,0
EMP02128,Sales,Business Development Rep,1,2022-02-08,,55.7,4.53,1.134,3.0,46.6,25.2,0
EMP02129,Engineering,QA Engineer,4,2026-06-08,,3.7,16.37,0.818,2.0,49.3,31.2,0
EMP02130,Engineering,Software Engineer,1,2019-12-23,,81.2,4.17,1.042,4.0,45.1,19.8,0
EMP02131,Engineering,QA Engineer,2,2016-12-12,,117.6,8.16,1.166,4.0,41.8,8.1,0
EMP02132,Operations,Logistics Coordinator,2,2024-07-30,2024-10-25,2.9,6.85,0.978,3.0,42.2,9.4,1
EMP02133,Product,Product Manager,1,2025-10-03,2025-12-25,2.7,3.75,0.937,3.0,46.1,23.9,1
EMP02134,HR,HR Generalist,1,2023-10-01,,36.0,4.44,1.111,2.0,47.6,34.9,0
EMP02135,Customer Support,Support Specialist,5,2024-02-09,,31.7,28.22,0.882,2.0,44.3,17.6,0
EMP02136,Customer Support,Support Agent,4,2026-07-09,,2.7,19.95,0.997,3.0,40.8,2.9,0
EMP02137,Sales,Business Development Rep,4,2023-07-08,2024-01-15,6.3,17.5,0.875,2.0,46.5,23.7,1
EMP02138,Marketing,Content Specialist,1,2025-08-20,,13.3,3.1,0.776,5.0,45.2,15.6,0
EMP02139,Marketing,Marketing Executive,1,2026-05-29,,4.1,3.93,0.982,3.0,48.5,35.0,0
EMP02140,Finance,Financial Analyst,2,2016-11-22,,118.2,5.94,0.848,1.0,39.9,0.3,0
EMP02141,Finance,Payroll Specialist,2,2024-02-03,,31.9,6.99,0.999,4.0,40.0,0.0,0
EMP02142,Sales,Account Manager,1,2021-01-01,2026-07-29,66.9,4.54,1.134,3.0,48.4,33.5,1
EMP02143,Marketing,Digital Marketer,3,2016-09-05,,120.8,14.67,1.223,3.0,41.2,4.4,0
EMP02144,Marketing,Content Specialist,5,2019-08-29,,85.1,32.36,1.011,2.0,41.0,2.1,0
EMP02145,Sales,Business Development Rep,2,2020-02-08,,79.7,7.86,1.122,3.0,50.6,40.0,0
EMP02146,HR,HR Generalist,2,2026-06-06,,3.8,7.34,1.048,3.0,,0.0,0
EMP02147,Engineering,Software Engineer,2,2024-07-31,2025-04-06,8.2,6.68,0.954,4.0,54.3,56.5,1
EMP02148,Product,Product Manager,1,2026-05-11,,4.7,3.08,0.769,3.0,40.2,0.0,0
EMP02149,Marketing,Digital Marketer,1,2023-06-20,2024-09-15,14.9,4.78,1.195,4.0,,25.0,1
EMP02150,Engineering,Data Engineer,2,2023-05-20,2024-04-11,10.7,6.12,0.874,3.0,44.5,17.6,1
EMP02151,Operations,Process Specialist,2,2024-09-28,,24.0,8.16,1.166,4.0,44.2,19.6,0
EMP02152,Engineering,Data Engineer,2,2018-05-16,,100.5,7.45,1.064,3.0,43.8,15.8,0
EMP02153,Marketing,Content Specialist,4,2020-06-27,,75.1,17.66,0.883,3.0,46.9,26.9,0
EMP02154,Marketing,Marketing Executive,1,2024-09-02,,24.9,4.15,1.037,3.0,41.4,6.5,0
EMP02155,Customer Support,Team Lead - Support,1,2026-06-01,,4.0,5.02,1.256,3.0,42.4,13.7,0
EMP02156,Finance,Financial Analyst,1,2016-06-07,2023-06-11,84.1,4.74,1.184,1.0,51.2,46.3,1
EMP02157,Engineering,QA Engineer,1,2021-01-31,2024-09-23,43.7,3.75,0.938,3.0,45.1,21.2,1
EMP02158,Engineering,QA Engineer,2,2024-08-14,2026-05-05,20.7,6.4,0.915,3.0,42.0,9.9,1
EMP02159,Sales,Business Development Rep,3,2024-02-15,2025-07-11,16.8,12.14,1.012,3.0,38.3,0.0,1
EMP02160,Engineering,Software Engineer,4,2018-02-25,,103.1,19.6,0.98,2.0,53.4,54.2,0
EMP02161,Sales,Sales Executive,3,2024-06-17,2024-08-06,1.6,13.73,1.144,1.0,42.5,8.5,1
EMP02162,Engineering,DevOps Engineer,2,2026-08-07,,1.8,7.62,1.089,1.0,54.3,52.5,0
EMP02163,Sales,Sales Executive,1,2024-04-12,2024-07-02,2.7,3.19,0.797,2.0,46.8,28.2,1
EMP02164,Sales,Sales Executive,2,2026-08-22,,1.3,7.39,1.055,1.0,45.6,23.4,0
EMP02165,Finance,Payroll Specialist,2,2025-08-03,,13.9,6.85,0.979,2.0,43.8,14.3,0
EMP02166,Engineering,QA Engineer,4,2020-08-29,,73.0,20.09,1.004,3.0,55.0,63.1,0
EMP02167,Finance,Payroll Specialist,2,2021-11-16,,58.4,7.21,1.03,3.0,33.1,0.0,0
EMP02168,Sales,Account Manager,1,2024-04-19,,29.4,4.58,1.144,5.0,46.0,18.7,0
EMP02169,Sales,Sales Executive,1,2024-12-01,,21.9,4.47,1.117,4.0,43.8,13.1,0
EMP02170,Customer Support,Support Agent,1,2025-12-14,,9.5,3.64,0.91,2.0,44.0,11.4,0
EMP02171,Sales,Business Development Rep,4,2026-07-28,,2.1,19.86,0.993,3.0,45.7,23.8,0
EMP02172,Engineering,Software Engineer,1,2025-08-24,,13.2,3.78,0.946,3.0,43.8,12.9,0
EMP02173,Customer Support,Support Specialist,1,2022-12-22,,45.3,3.19,0.798,3.0,45.8,26.2,0
EMP02174,Engineering,QA Engineer,1,2023-06-01,2025-12-03,30.1,3.95,0.987,3.0,44.9,22.5,1
EMP02175,Sales,Account Manager,3,2025-12-21,,9.3,14.66,1.221,3.0,39.1,0.0,0
EMP02176,Customer Support,Team Lead - Support,2,2021-01-23,2026-06-18,64.8,5.56,0.795,3.0,46.7,24.4,1
EMP02177,Sales,Account Manager,3,2023-02-14,2023-08-15,6.0,11.97,0.997,3.0,48.2,34.4,1
EMP02178,Marketing,Content Specialist,2,2022-06-18,,51.4,6.95,0.993,4.0,40.6,5.3,0
EMP02179,Engineering,QA Engineer,1,2020-10-22,,71.3,4.14,1.035,3.0,53.4,47.6,0
EMP02180,HR,Recruiter,4,2024-07-12,,26.6,17.69,0.884,,49.0,36.8,0
EMP02181,Marketing,Digital Marketer,1,2024-03-24,2025-01-12,9.7,3.32,0.829,5.0,46.8,20.6,1
EMP02182,HR,HR Generalist,1,2024-10-24,2025-01-06,2.4,3.34,0.835,3.0,46.7,25.2,1
EMP02183,Marketing,Marketing Executive,2,2026-07-14,,2.6,8.12,1.16,4.0,43.1,15.7,0
EMP02184,Engineering,DevOps Engineer,1,2020-07-01,2024-11-13,52.4,3.53,0.882,4.0,,49.4,1
EMP02185,Customer Support,Support Specialist,1,2022-09-29,2025-12-25,38.9,3.76,0.94,3.0,52.1,47.7,1
EMP02186,Engineering,Software Engineer,3,2024-03-21,,30.3,15.03,1.253,2.0,48.6,30.7,0
EMP02187,Marketing,Digital Marketer,2,2021-06-16,,63.5,6.38,0.912,4.0,40.4,0.1,0
EMP02188,Customer Support,Support Specialist,1,2024-05-27,,28.1,4.16,1.041,3.0,44.8,19.4,0
EMP02189,Engineering,Software Engineer,2,2026-07-30,,2.0,7.89,1.128,3.0,47.6,28.4,0
EMP02190,HR,HR Business Partner,3,2018-09-15,,96.5,13.46,1.122,3.0,46.8,24.4,0
EMP02191,Engineering,Data Engineer,1,2023-08-09,2025-01-03,16.9,3.36,0.84,3.0,44.7,17.5,1
EMP02192,Customer Support,Support Specialist,1,2024-07-09,2024-10-28,3.6,3.66,0.914,2.0,42.4,10.8,1
EMP02193,Operations,Operations Analyst,2,2025-12-22,,9.3,7.25,1.036,5.0,50.1,39.9,0
EMP02194,Engineering,QA Engineer,2,2022-06-28,,51.1,8.62,1.231,3.0,40.2,0.0,0
EMP02195,Customer Support,Support Specialist,5,2025-02-13,,19.5,29.08,0.909,3.0,40.8,1.2,0
EMP02196,Marketing,Marketing Executive,2,2023-10-18,2025-12-27,26.3,6.59,0.941,3.0,37.0,0.0,1
EMP02197,Engineering,QA Engineer,1,2020-12-27,,69.1,4.2,1.05,2.0,40.8,0.2,0
EMP02198,Customer Support,Support Agent,2,2016-07-23,2025-07-18,107.8,7.52,1.074,4.0,50.6,40.3,1
EMP02199,Engineering,Software Engineer,3,2021-08-20,,61.3,12.98,1.082,3.0,50.8,45.1,0
EMP02200,Operations,Logistics Coordinator,1,2018-11-16,2024-04-05,64.6,3.59,0.898,3.0,42.7,10.1,1
EMP02201,Engineering,DevOps Engineer,2,2018-10-30,,95.0,6.55,0.936,,47.2,23.5,0
EMP02202,HR,HR Business Partner,1,2024-07-19,,26.4,4.1,1.026,5.0,43.0,15.1,0
EMP02203,Finance,Accountant,4,2026-04-11,,5.7,23.03,1.151,4.0,37.6,0.0,0
EMP02204,Engineering,Software Engineer,3,2018-03-12,2023-05-09,61.9,11.66,0.971,2.0,55.0,55.9,1
EMP02205,Sales,Account Manager,2,2024-03-03,2024-11-11,8.3,6.98,0.997,3.0,51.2,43.7,1
EMP02206,Customer Support,Support Specialist,5,2026-04-20,,5.4,28.06,0.877,3.0,46.6,24.0,0
EMP02207,Operations,Process Specialist,5,2026-05-17,,4.5,39.15,1.224,4.0,39.1,0.0,0
EMP02208,Sales,Business Development Rep,1,2020-01-28,2024-09-18,55.7,4.07,1.019,4.0,44.0,14.9,1
EMP02209,Engineering,DevOps Engineer,2,2026-08-19,,1.4,7.91,1.129,3.0,41.9,7.4,0
EMP02210,Engineering,Software Engineer,2,2024-07-11,,26.6,7.03,1.004,4.0,45.4,21.0,0
EMP02211,Product,Product Analyst,1,2023-02-21,2024-10-01,19.3,4.04,1.01,3.0,44.4,13.2,1
EMP02212,Sales,Sales Executive,2,2024-01-02,2024-08-18,7.5,5.74,0.82,3.0,43.5,18.2,1
EMP02213,Finance,Financial Analyst,1,2026-06-15,,3.5,2.97,0.742,3.0,36.5,0.0,0
EMP02214,Customer Support,Support Agent,4,2021-08-07,2025-11-09,51.1,23.0,1.15,3.0,54.6,56.2,1
EMP02215,HR,HR Generalist,2,2025-01-26,,20.1,7.07,1.009,3.0,44.1,17.0,0
EMP02216,Engineering,DevOps Engineer,3,2024-06-13,,27.6,12.3,1.025,3.0,47.1,31.3,0
EMP02217,Engineering,Data Engineer,2,2016-04-02,,125.9,5.95,0.85,4.0,43.1,12.6,0
EMP02218,HR,Recruiter,1,2023-05-29,2025-03-31,22.1,3.57,0.892,5.0,36.0,0.0,1
EMP02219,HR,HR Business Partner,4,2025-10-22,,11.3,22.55,1.127,3.0,42.6,19.2,0
EMP02220,Sales,Business Development Rep,1,2023-08-04,,37.9,4.84,1.209,3.0,43.5,13.6,0
EMP02221,Sales,Business Development Rep,1,2021-04-20,,65.3,3.7,0.925,4.0,48.2,31.1,0
EMP02222,Sales,Business Development Rep,2,2019-07-30,2025-06-24,70.8,7.56,1.081,2.0,49.1,33.4,1
EMP02223,Sales,Sales Executive,3,2023-03-07,,42.8,12.27,1.023,4.0,48.4,27.0,0
EMP02224,Engineering,Data Engineer,2,2023-01-29,2026-08-06,42.2,6.9,0.986,3.0,49.4,41.3,1
EMP02225,Finance,Payroll Specialist,1,2023-12-18,,33.4,4.89,1.222,2.0,51.1,43.3,0
EMP02226,Engineering,Data Engineer,2,2026-08-03,,1.9,6.62,0.946,4.0,46.8,29.8,0
EMP02227,Operations,Logistics Coordinator,1,2019-12-06,,81.8,4.6,1.149,3.0,47.9,34.8,0
EMP02228,Engineering,Data Engineer,1,2025-05-02,,17.0,4.18,1.046,2.0,47.2,25.6,0
EMP02229,Engineering,Data Engineer,2,2016-05-03,,124.9,6.99,0.998,2.0,36.4,0.0,0
EMP02230,Operations,Process Specialist,1,2016-11-19,,118.3,4.66,1.165,4.0,42.3,14.4,0
EMP02231,Sales,Business Development Rep,1,2020-07-08,,74.7,4.14,1.035,5.0,41.1,4.2,0
EMP02232,Operations,Process Specialist,3,2021-06-11,,63.6,11.86,0.988,3.0,44.0,14.0,0
EMP02233,Engineering,QA Engineer,3,2025-05-04,2025-07-27,2.8,13.99,1.166,2.0,41.4,2.5,1
EMP02234,HR,HR Business Partner,1,2023-04-01,2026-08-11,40.3,4.6,1.15,2.0,45.7,22.4,1
EMP02235,Operations,Logistics Coordinator,2,2024-06-10,,27.7,8.01,1.144,3.0,47.4,34.1,0
EMP02236,Finance,Payroll Specialist,1,2025-12-02,,9.9,2.6,0.65,3.0,48.4,35.7,0
EMP02237,Engineering,Data Engineer,4,2023-05-03,,40.9,21.06,1.053,3.0,52.3,49.7,0
EMP02238,Sales,Business Development Rep,1,2024-05-05,,28.8,4.1,1.025,3.0,37.5,0.0,0
EMP02239,Sales,Account Manager,1,2023-01-06,2025-07-01,29.8,3.98,0.996,3.0,39.6,2.6,1
EMP02240,Customer Support,Support Specialist,2,2025-05-30,2026-07-10,13.3,7.51,1.073,3.0,58.2,73.8,1
EMP02241,Sales,Sales Executive,1,2019-05-22,2026-04-23,83.1,4.13,1.031,3.0,49.5,46.3,1
EMP02242,Engineering,DevOps Engineer,1,2024-01-11,,32.6,4.33,1.081,2.0,46.0,23.3,0
EMP02243,Sales,Account Manager,1,2024-11-07,2025-09-11,10.1,3.87,0.968,3.0,45.1,23.7,1
EMP02244,Engineering,DevOps Engineer,3,2018-04-07,,101.8,14.16,1.18,3.0,44.7,17.6,0
EMP02245,Sales,Business Development Rep,2,2023-11-05,2024-09-27,10.7,7.65,1.093,3.0,36.3,0.0,1
EMP02246,Engineering,Data Engineer,3,2018-07-21,2023-03-16,55.8,12.78,1.065,2.0,41.5,5.3,1
EMP02247,Engineering,Software Engineer,3,2022-02-27,,55.1,12.71,1.059,2.0,44.5,19.4,0
EMP02248,Customer Support,Support Specialist,2,2026-03-26,,6.2,7.97,1.139,3.0,41.8,14.4,0
EMP02249,Sales,Business Development Rep,4,2026-02-21,,7.3,22.45,1.123,,42.4,12.5,0
EMP02250,Sales,Business Development Rep,3,2016-06-15,2024-04-23,94.3,11.84,0.986,3.0,56.5,67.4,1
EMP02251,Customer Support,Team Lead - Support,3,2021-08-19,,61.4,13.43,1.119,,43.9,13.3,0
EMP02252,Marketing,Digital Marketer,3,2026-07-26,,2.2,12.25,1.021,3.0,44.3,17.8,0
EMP02253,Sales,Business Development Rep,2,2024-03-26,,30.2,8.61,1.23,3.0,46.1,21.4,0
EMP02254,Customer Support,Team Lead - Support,1,2024-03-11,2025-02-25,11.5,4.53,1.132,3.0,47.7,33.5,1
EMP02255,HR,Recruiter,2,2022-11-06,2024-11-06,24.0,6.47,0.925,2.0,40.9,6.2,1
EMP02256,Customer Support,Support Agent,1,2026-03-31,,6.0,5.12,1.28,4.0,50.6,41.9,0
EMP02257,Finance,Financial Analyst,2,2024-01-19,2024-01-28,0.3,5.23,0.748,3.0,45.0,25.0,1
EMP02258,Marketing,Digital Marketer,1,2021-06-07,,63.8,4.31,1.076,4.0,37.2,0.0,0
EMP02259,Engineering,Software Engineer,1,2018-01-28,2024-06-14,76.5,3.67,0.916,2.0,44.5,18.4,1
EMP02260,Sales,Business Development Rep,4,2026-04-13,,5.6,24.52,1.226,4.0,44.2,18.5,0
EMP02261,Operations,Logistics Coordinator,3,2025-11-18,,10.4,12.36,1.03,4.0,42.0,6.2,0
EMP02262,Product,UX Designer,2,2022-02-14,,55.5,6.33,0.905,2.0,45.3,20.4,0
EMP02263,Sales,Sales Executive,2,2019-12-23,2024-05-02,52.3,6.78,0.968,3.0,47.9,28.4,1
EMP02264,Engineering,Data Engineer,2,2019-08-13,,85.6,6.4,0.914,3.0,47.3,27.8,0
EMP02265,Customer Support,Support Specialist,4,2023-02-07,2023-03-11,1.1,19.27,0.963,3.0,46.5,25.7,1
EMP02266,Engineering,DevOps Engineer,3,2026-06-12,,3.6,11.53,0.961,3.0,45.4,16.6,0
EMP02267,Operations,Logistics Coordinator,2,2025-06-20,2026-08-17,13.9,6.37,0.91,5.0,33.3,0.0,1
EMP02268,Customer Support,Support Specialist,2,2019-12-14,,81.5,7.23,1.032,4.0,48.5,37.1,0
EMP02269,Operations,Process Specialist,2,2026-01-05,,8.8,7.33,1.047,5.0,45.2,20.8,0
EMP02270,Finance,Accountant,3,2023-10-08,2024-09-04,10.9,10.57,0.88,4.0,38.6,0.0,1
EMP02271,Customer Support,Team Lead - Support,5,2020-07-17,,74.4,25.63,0.801,4.0,46.3,24.4,0
EMP02272,Customer Support,Team Lead - Support,2,2024-08-06,,25.8,7.26,1.037,4.0,47.9,27.4,0
EMP02273,Operations,Operations Analyst,2,2018-07-07,2024-06-22,71.5,7.45,1.064,3.0,48.3,31.4,1
EMP02274,Finance,Accountant,2,2026-06-14,,3.5,7.61,1.088,4.0,45.3,25.6,0
EMP02275,Finance,Financial Analyst,2,2018-12-02,2025-06-05,78.1,7.46,1.066,3.0,44.4,10.3,1
EMP02276,Engineering,DevOps Engineer,5,2024-02-10,,31.6,38.04,1.189,2.0,49.3,34.8,0
EMP02277,Customer Support,Team Lead - Support,3,2016-06-25,,123.2,13.44,1.12,3.0,43.6,16.9,0
EMP02278,Engineering,Data Engineer,2,2024-05-11,2024-10-12,5.1,9.25,1.322,2.0,46.9,25.5,1
EMP02279,Finance,Payroll Specialist,2,2021-10-03,,59.9,9.6,1.372,5.0,40.2,0.0,0
EMP02280,Operations,Logistics Coordinator,2,2018-05-20,,100.4,5.52,0.789,3.0,48.0,38.1,0
EMP02281,Sales,Account Manager,1,2024-11-10,2026-09-22,22.4,2.95,0.736,3.0,37.8,0.0,1
EMP02282,Engineering,Software Engineer,2,2024-01-08,2024-12-03,10.8,6.99,0.999,2.0,48.7,37.6,1
EMP02283,Sales,Account Manager,3,2024-11-18,2026-08-24,21.2,12.73,1.061,3.0,45.1,21.9,1
EMP02284,Operations,Operations Analyst,3,2020-11-15,,70.5,11.89,0.991,3.0,47.3,29.7,0
EMP02285,Engineering,Software Engineer,1,2023-11-02,,34.9,4.34,1.084,3.0,41.5,9.8,0
EMP02286,Engineering,Data Engineer,3,2020-07-15,,74.5,11.61,0.968,,45.4,27.3,0
EMP02287,Finance,Payroll Specialist,3,2023-07-09,,38.7,11.0,0.917,3.0,43.3,8.1,0
EMP02288,Marketing,Content Specialist,1,2023-02-12,2024-11-19,21.2,3.74,0.935,3.0,45.0,19.9,1
EMP02289,Engineering,Software Engineer,3,2025-03-17,,18.5,11.71,0.976,3.0,40.3,1.1,0
EMP02290,Sales,Sales Executive,2,2025-09-11,,12.6,7.71,1.101,3.0,47.9,30.3,0
EMP02291,Product,Product Analyst,3,2016-08-09,,121.7,11.3,0.942,4.0,34.7,0.0,0
EMP02292,Operations,Process Specialist,1,2023-08-04,2024-02-26,6.8,3.86,0.965,4.0,40.0,0.8,1
EMP02293,Customer Support,Support Agent,1,2020-04-03,,77.9,4.27,1.068,4.0,38.0,0.0,0
EMP02294,Sales,Sales Executive,2,2024-07-03,2024-10-23,3.7,6.83,0.976,3.0,48.7,38.1,1
EMP02295,Sales,Business Development Rep,1,2025-02-18,2025-12-13,9.8,4.54,1.134,1.0,46.8,31.3,1
EMP02296,Engineering,Data Engineer,2,2023-09-28,,36.1,6.23,0.89,5.0,47.1,24.8,0
EMP02297,Operations,Process Specialist,3,2026-05-05,,4.9,10.36,0.864,5.0,49.6,36.0,0
EMP02298,Engineering,QA Engineer,1,2024-01-15,2025-03-10,13.8,4.15,1.037,2.0,43.6,12.2,1
EMP02299,Engineering,DevOps Engineer,2,2026-07-23,,2.3,7.34,1.049,3.0,47.7,34.8,0
EMP02300,Operations,Operations Analyst,5,2019-12-22,2026-01-15,72.8,28.68,0.896,3.0,43.3,10.3,1
EMP02301,HR,HR Business Partner,2,2025-08-31,,13.0,8.13,1.161,2.0,42.6,7.6,0
EMP02302,Operations,Operations Analyst,2,2024-11-02,,22.9,8.62,1.231,5.0,48.9,32.2,0
EMP02303,Sales,Business Development Rep,2,2023-04-13,,41.6,6.47,0.925,5.0,54.4,65.9,0
EMP02304,Customer Support,Support Specialist,1,2019-11-26,,82.1,4.71,1.178,5.0,43.1,12.0,0
EMP02305,Sales,Business Development Rep,1,2024-06-26,2025-01-01,6.2,2.86,0.714,2.0,48.8,36.8,1
EMP02306,Sales,Account Manager,3,2023-09-16,2026-09-24,36.3,13.55,1.129,3.0,46.4,22.2,1
EMP02307,Customer Support,Support Agent,2,2022-12-25,2023-01-03,0.3,6.28,0.897,4.0,46.5,28.9,1
EMP02308,Sales,Business Development Rep,1,2023-07-04,,38.9,4.47,1.117,3.0,46.1,19.1,0
EMP02309,Customer Support,Support Specialist,1,2020-09-02,2026-07-27,70.8,3.54,0.885,3.0,43.5,11.1,1
EMP02310,Finance,Financial Analyst,4,2023-10-02,,35.9,19.84,0.992,3.0,32.0,0.0,0
EMP02311,Product,Product Manager,1,2019-07-26,,86.2,3.61,0.903,1.0,49.9,40.3,0
EMP02312,Engineering,QA Engineer,3,2022-08-12,2023-05-15,9.1,11.69,0.974,3.0,41.9,5.2,1
EMP02313,Sales,Account Manager,2,2018-07-27,,98.1,8.54,1.22,4.0,43.9,20.2,0
EMP02314,Engineering,QA Engineer,2,2016-10-02,,119.9,6.91,0.987,1.0,44.0,17.5,0
EMP02315,Sales,Sales Executive,1,2024-10-11,,23.6,5.01,1.253,2.0,41.5,3.9,0
EMP02316,Sales,Sales Executive,1,2021-08-28,,61.1,3.81,0.954,3.0,46.1,27.4,0
EMP02317,Engineering,Software Engineer,2,2020-03-25,,78.2,8.25,1.179,3.0,44.8,18.0,0
EMP02318,Marketing,Digital Marketer,3,2021-11-23,,58.2,9.66,0.805,3.0,39.8,0.0,0
EMP02319,Customer Support,Support Agent,1,2023-11-16,,34.5,3.86,0.966,1.0,45.7,25.5,0
EMP02320,Finance,Accountant,2,2016-01-06,,128.8,6.55,0.936,4.0,42.9,4.2,0
EMP02321,Engineering,Software Engineer,2,2024-07-18,2024-07-25,0.2,8.29,1.185,3.0,49.2,39.0,1
EMP02322,Engineering,Data Engineer,1,2025-09-29,,12.0,4.09,1.022,3.0,39.0,0.0,0
EMP02323,Sales,Account Manager,2,2016-12-23,2023-04-10,75.5,5.25,0.749,3.0,41.4,3.5,1
EMP02324,Engineering,QA Engineer,1,2026-06-23,,3.3,3.37,0.843,3.0,48.3,39.1,0
EMP02325,Engineering,QA Engineer,2,2020-09-11,2023-06-06,32.8,6.15,0.878,3.0,42.1,6.8,1
EMP02326,Product,Product Analyst,1,2023-10-17,,35.4,4.45,1.112,3.0,38.9,0.0,0
EMP02327,Engineering,QA Engineer,2,2021-05-31,,64.0,7.68,1.097,3.0,42.3,10.0,0
EMP02328,Engineering,Software Engineer,2,2024-05-07,,28.8,6.75,0.964,3.0,44.5,19.1,0
EMP02329,Customer Support,Team Lead - Support,2,2020-11-18,,70.4,6.54,0.934,3.0,44.6,17.6,0
EMP02330,Customer Support,Support Agent,2,2022-04-16,,53.5,7.6,1.086,3.0,44.1,15.5,0
EMP02331,Customer Support,Support Specialist,4,2025-03-13,,18.6,17.29,0.864,3.0,40.4,6.2,0
EMP02332,Sales,Business Development Rep,2,2026-03-29,,6.1,7.38,1.055,3.0,48.5,36.8,0
EMP02333,Marketing,Digital Marketer,3,2025-09-17,2025-09-24,0.2,12.54,1.045,3.0,49.0,34.5,1
EMP02334,Engineering,DevOps Engineer,1,2018-05-13,2023-01-29,56.6,3.87,0.967,3.0,36.4,0.0,1
EMP02335,Sales,Sales Executive,2,2024-05-22,,28.3,7.33,1.048,4.0,38.0,0.0,0
EMP02336,Operations,Logistics Coordinator,1,2023-06-06,2024-01-06,7.0,4.05,1.012,2.0,47.5,32.9,1
EMP02337,Finance,Accountant,2,2022-03-19,,54.4,7.42,1.06,4.0,50.1,43.9,0
EMP02338,Sales,Account Manager,3,2016-01-15,2023-07-10,89.8,10.08,0.84,3.0,35.4,0.0,1
EMP02339,Customer Support,Support Agent,3,2021-10-09,2023-11-04,24.8,12.88,1.074,1.0,48.7,29.9,1
EMP02340,Engineering,DevOps Engineer,2,2025-02-25,,19.1,7.86,1.123,3.0,52.4,51.9,0
EMP02341,Engineering,DevOps Engineer,3,2025-10-29,,11.0,12.46,1.039,3.0,41.1,8.3,0
EMP02342,Engineering,Data Engineer,1,2023-02-02,,43.9,4.29,1.072,5.0,52.1,48.9,0
EMP02343,Operations,Logistics Coordinator,1,2022-01-26,2025-07-25,41.9,3.95,0.987,5.0,42.2,14.7,1
EMP02344,Sales,Business Development Rep,3,2024-08-28,,25.1,13.28,1.107,,46.4,21.6,0
EMP02345,Operations,Logistics Coordinator,1,2020-09-28,2024-05-20,43.7,4.03,1.008,3.0,39.8,1.3,1
EMP02346,Engineering,DevOps Engineer,1,2026-03-03,,6.9,3.45,0.862,4.0,49.5,34.9,0
EMP02347,Finance,Financial Analyst,4,2024-06-02,2025-02-20,8.6,21.97,1.098,3.0,46.8,30.4,1
EMP02348,Marketing,Digital Marketer,5,2018-11-06,2024-02-25,63.6,25.72,0.804,4.0,50.8,45.0,1
EMP02349,Engineering,QA Engineer,2,2025-08-22,,13.3,7.24,1.034,2.0,51.5,51.4,0
EMP02350,Engineering,Data Engineer,2,2025-08-17,,13.4,6.68,0.954,4.0,45.0,21.5,0
EMP02351,Engineering,QA Engineer,3,2025-05-26,2026-02-04,8.3,11.35,0.946,3.0,59.0,74.8,1
EMP02352,Finance,Financial Analyst,1,2025-01-18,,20.4,4.08,1.021,3.0,49.1,34.9,0
EMP02353,Engineering,QA Engineer,2,2020-07-11,2026-07-30,72.6,6.4,0.915,5.0,47.4,28.8,1
EMP02354,Customer Support,Team Lead - Support,2,2025-04-29,2026-08-24,15.8,7.43,1.061,3.0,40.5,0.5,1
EMP02355,Sales,Account Manager,4,2026-04-04,,5.9,20.14,1.007,4.0,38.1,0.0,0
EMP02356,Marketing,Marketing Executive,4,2024-03-09,2024-09-24,6.5,18.52,0.926,1.0,36.5,0.0,1
EMP02357,Customer Support,Team Lead - Support,3,2024-09-02,2024-09-11,0.3,13.93,1.161,3.0,40.8,0.0,1
EMP02358,Customer Support,Team Lead - Support,1,2025-01-23,2025-11-22,10.0,4.1,1.025,,51.2,44.9,1
EMP02359,Product,Product Analyst,2,2019-02-02,,91.9,7.53,1.076,1.0,45.2,21.0,0
EMP02360,Engineering,Data Engineer,1,2024-09-29,,24.0,4.68,1.17,4.0,42.2,6.5,0
EMP02361,Marketing,Content Specialist,4,2020-11-04,,70.8,23.36,1.168,3.0,42.4,10.9,0
EMP02362,Engineering,Software Engineer,1,2023-08-10,,37.7,4.28,1.07,3.0,43.8,19.6,0
EMP02363,Sales,Account Manager,1,2024-12-13,,21.6,3.85,0.964,3.0,48.6,37.1,0
EMP02364,Finance,Payroll Specialist,3,2019-09-30,2026-05-31,80.0,9.94,0.828,2.0,39.0,0.0,1
EMP02365,Operations,Operations Analyst,2,2023-11-04,,34.9,7.17,1.025,4.0,44.6,16.2,0
EMP02366,Operations,Process Specialist,3,2026-01-17,,8.4,13.58,1.131,4.0,44.4,17.7,0
EMP02367,Engineering,QA Engineer,1,2025-11-05,2026-08-26,9.7,4.17,1.043,3.0,41.2,2.5,1
EMP02368,Sales,Sales Executive,3,2018-09-19,2023-09-09,59.7,7.8,0.65,3.0,52.1,49.1,1
EMP02369,Sales,Account Manager,1,2023-01-08,2025-09-02,31.8,4.42,1.104,3.0,43.7,15.8,1
EMP02370,Customer Support,Support Specialist,1,2018-12-31,,93.0,4.45,1.112,3.0,40.5,4.9,0
EMP02371,Sales,Business Development Rep,2,2021-02-04,,67.8,6.75,0.964,4.0,48.8,39.1,0
EMP02372,Sales,Business Development Rep,1,2022-10-08,,47.7,4.47,1.119,3.0,45.2,22.9,0
EMP02373,Sales,Sales Executive,2,2019-02-16,2023-03-25,49.2,7.53,1.075,3.0,46.8,24.6,1
EMP02374,Engineering,Data Engineer,1,2016-01-16,2023-12-29,95.4,3.67,0.918,3.0,39.7,0.0,1
EMP02375,Sales,Account Manager,1,2024-12-04,,21.8,4.61,1.153,3.0,48.7,36.4,0
EMP02376,Engineering,Software Engineer,3,2023-12-06,2024-03-20,3.4,10.17,0.848,4.0,54.8,63.7,1
EMP02377,Finance,Payroll Specialist,1,2024-11-09,2026-01-17,14.3,3.97,0.993,2.0,37.3,0.0,1
EMP02378,Customer Support,Support Specialist,3,2026-01-13,,8.5,11.77,0.981,3.0,46.6,21.8,0
EMP02379,Engineering,DevOps Engineer,3,2018-10-16,,95.5,10.81,0.901,2.0,41.5,12.3,0
EMP02380,Operations,Process Specialist,1,2026-06-05,,3.8,4.15,1.036,2.0,55.1,61.9,0
EMP02381,Finance,Accountant,3,2024-06-24,,27.2,13.89,1.157,3.0,48.6,34.9,0
EMP02382,Engineering,Software Engineer,1,2023-05-17,,40.5,4.6,1.15,4.0,46.3,21.7,0
EMP02383,Engineering,DevOps Engineer,2,2024-08-27,,25.1,7.61,1.087,3.0,39.5,0.0,0
EMP02384,Engineering,QA Engineer,1,2016-07-22,,122.3,3.19,0.796,2.0,40.6,4.5,0
EMP02385,Engineering,Software Engineer,3,2018-08-19,,97.4,10.08,0.84,3.0,48.4,35.1,0
EMP02386,Marketing,Marketing Executive,2,2016-12-26,,117.1,7.14,1.02,4.0,36.9,0.0,0
EMP02387,Product,UX Designer,2,2024-06-02,2025-11-15,17.4,6.97,0.996,3.0,37.0,0.0,1
EMP02388,Engineering,Software Engineer,5,2023-06-15,2023-08-01,1.5,30.09,0.94,3.0,45.0,18.2,1
EMP02389,Operations,Operations Analyst,2,2026-02-03,,7.9,8.6,1.229,4.0,43.6,19.4,0
EMP02390,Engineering,DevOps Engineer,4,2026-02-27,,7.1,20.25,1.013,1.0,46.7,29.5,0
EMP02391,Customer Support,Support Agent,3,2019-04-14,2026-06-15,86.0,12.78,1.065,4.0,43.0,10.4,1
EMP02392,Operations,Logistics Coordinator,4,2026-07-13,,2.6,22.37,1.119,4.0,47.1,24.9,0
EMP02393,Sales,Account Manager,4,2020-07-23,,74.3,20.13,1.007,4.0,41.1,5.2,0
EMP02394,Engineering,DevOps Engineer,5,2020-10-14,2026-02-02,63.6,41.95,1.311,2.0,47.8,29.7,1
EMP02395,Customer Support,Support Specialist,1,2018-02-19,,103.3,3.55,0.887,2.0,46.0,22.7,0
EMP02396,Product,UX Designer,3,2020-07-23,2026-03-03,67.3,11.13,0.927,4.0,45.7,19.4,1
EMP02397,Engineering,DevOps Engineer,3,2025-04-25,,17.2,10.64,0.887,3.0,50.3,38.2,0
EMP02398,Engineering,QA Engineer,3,2024-07-05,2025-01-12,6.3,14.25,1.188,3.0,43.0,12.5,1
EMP02399,Engineering,Software Engineer,1,2025-05-27,2026-03-29,10.1,4.39,1.096,3.0,42.0,7.2,1
EMP02400,Customer Support,Support Agent,5,2021-08-12,,61.6,29.91,0.935,2.0,37.4,0.0,0
EMP02401,Customer Support,Support Agent,1,2023-07-15,2025-12-17,29.1,3.59,0.896,3.0,35.9,0.0,1
EMP02402,Marketing,Marketing Executive,2,2016-10-28,2024-03-04,88.2,8.16,1.166,5.0,42.2,5.3,1
EMP02403,Operations,Operations Analyst,2,2025-09-25,,12.2,7.3,1.043,,42.5,5.4,0
EMP02404,Finance,Accountant,1,2023-08-31,,37.0,4.68,1.169,3.0,38.1,0.0,0
EMP02405,Marketing,Marketing Executive,3,2019-02-21,,91.3,11.91,0.993,5.0,39.1,0.0,0
EMP02406,Engineering,QA Engineer,1,2020-06-09,,75.7,4.25,1.061,3.0,51.9,51.6,0
EMP02407,Customer Support,Support Specialist,3,2023-12-18,,33.4,12.43,1.036,2.0,48.9,36.4,0
EMP02408,Sales,Sales Executive,4,2023-09-11,,36.6,18.5,0.925,3.0,39.3,0.0,0
EMP02409,Sales,Sales Executive,2,2018-05-18,2024-12-20,79.1,6.88,0.983,2.0,43.0,8.9,1
EMP02410,HR,HR Generalist,3,2018-09-23,,96.2,10.29,0.858,3.0,44.8,17.2,0
EMP02411,Operations,Operations Analyst,1,2020-01-15,,80.5,4.24,1.059,3.0,40.2,2.1,0
EMP02412,Product,Product Analyst,4,2025-02-21,,19.3,21.83,1.091,3.0,39.4,0.0,0
EMP02413,Sales,Account Manager,4,2026-04-17,,5.5,22.38,1.119,1.0,43.5,14.5,0
EMP02414,Customer Support,Support Specialist,1,2026-04-17,,5.5,4.32,1.08,3.0,49.9,35.6,0
EMP02415,Customer Support,Team Lead - Support,3,2023-05-23,2024-02-03,8.4,11.82,0.985,3.0,50.3,41.2,1
EMP02416,Engineering,DevOps Engineer,2,2025-10-12,2026-07-05,8.7,8.3,1.186,3.0,41.7,7.9,1
EMP02417,Engineering,DevOps Engineer,2,2025-01-10,,20.6,7.75,1.107,3.0,47.1,32.8,0
EMP02418,Customer Support,Team Lead - Support,3,2023-04-07,,41.8,14.0,1.167,3.0,,20.7,0
EMP02419,Engineering,QA Engineer,2,2021-10-06,,59.8,8.22,1.174,4.0,40.5,0.0,0
EMP02420,HR,HR Business Partner,2,2018-07-20,,98.4,6.89,0.985,2.0,41.7,11.3,0
EMP02421,Engineering,Data Engineer,1,2024-06-05,,27.8,4.19,1.047,,39.3,0.0,0
EMP02422,Engineering,DevOps Engineer,2,2023-08-08,,37.7,7.65,1.093,2.0,50.2,43.1,0
EMP02423,Marketing,Digital Marketer,4,2025-11-11,,10.6,17.24,0.862,3.0,50.0,38.2,0
EMP02424,Engineering,Software Engineer,1,2025-11-14,,10.5,3.46,0.865,3.0,43.2,13.1,0
EMP02425,Finance,Payroll Specialist,2,2025-02-10,2025-12-26,10.5,5.91,0.844,3.0,40.1,0.0,1
EMP02426,Operations,Logistics Coordinator,1,2017-11-19,2025-10-09,94.7,3.95,0.987,2.0,47.7,31.8,1
EMP02427,Engineering,Software Engineer,4,2024-07-25,2024-08-08,0.5,19.2,0.96,4.0,50.5,44.4,1
EMP02428,Operations,Operations Analyst,2,2020-05-25,,76.2,5.79,0.828,4.0,38.0,0.0,0
EMP02429,Customer Support,Team Lead - Support,2,2025-03-05,2025-11-06,8.1,7.13,1.018,5.0,44.3,15.5,1
EMP02430,Operations,Logistics Coordinator,1,2025-08-31,,13.0,3.95,0.989,5.0,42.7,11.9,0
EMP02431,Marketing,Marketing Executive,2,2017-09-04,,108.8,7.99,1.142,3.0,39.5,0.0,0
EMP02432,Operations,Logistics Coordinator,4,2016-08-06,,121.8,24.83,1.242,2.0,44.7,14.2,0
EMP02433,Customer Support,Team Lead - Support,2,2018-08-05,,97.8,7.38,1.055,1.0,41.9,8.7,0
EMP02434,Sales,Account Manager,2,2025-06-22,2026-02-04,7.5,6.41,0.916,3.0,42.6,10.1,1
EMP02435,Operations,Operations Analyst,3,2025-05-05,,16.9,12.93,1.078,4.0,42.5,9.6,0
EMP02436,HR,HR Generalist,2,2024-04-13,,29.6,7.01,1.001,3.0,36.3,0.0,0
EMP02437,Customer Support,Support Agent,2,2020-01-18,2023-06-03,40.5,6.8,0.971,2.0,35.7,0.0,1
EMP02438,Operations,Process Specialist,2,2025-11-10,,10.6,6.28,0.897,3.0,47.1,27.9,0
EMP02439,Sales,Business Development Rep,1,2025-05-21,2025-09-21,4.0,3.78,0.944,4.0,41.7,3.4,1
EMP02440,Operations,Process Specialist,3,2023-04-27,2025-12-24,31.9,11.74,0.979,3.0,,48.5,1
EMP02441,Product,Product Manager,4,2025-04-01,,18.0,21.93,1.096,4.0,51.9,49.4,0
EMP02442,Engineering,Data Engineer,4,2022-11-03,,46.9,21.23,1.061,3.0,42.7,11.2,0
EMP02443,Engineering,QA Engineer,4,2024-07-29,,26.1,24.38,1.219,3.0,55.5,60.4,0
EMP02444,Customer Support,Support Specialist,2,2025-05-24,,16.2,7.57,1.081,3.0,49.2,34.4,0
EMP02445,Customer Support,Support Agent,1,2023-06-07,,39.8,4.2,1.051,4.0,42.1,10.3,0
EMP02446,Customer Support,Support Specialist,3,2017-02-22,,115.2,11.56,0.963,4.0,33.4,0.0,0
EMP02447,Engineering,DevOps Engineer,4,2024-04-15,2025-05-13,12.9,17.51,0.876,3.0,48.1,34.7,1
EMP02448,Sales,Sales Executive,3,2025-09-04,2026-07-10,10.2,11.18,0.932,3.0,45.1,23.0,1
EMP02449,Customer Support,Support Specialist,2,2023-04-26,,41.2,6.41,0.916,2.0,46.9,26.7,0
EMP02450,Customer Support,Team Lead - Support,3,2021-07-22,2023-05-26,22.1,8.31,0.693,1.0,44.0,18.8,1
EMP02451,Operations,Logistics Coordinator,3,2024-04-30,,29.0,10.55,0.879,2.0,37.9,0.0,0
EMP02452,Operations,Logistics Coordinator,4,2025-12-28,,9.1,23.85,1.192,2.0,41.1,5.2,0
EMP02453,Operations,Operations Analyst,3,2019-08-15,2023-01-06,40.7,12.53,1.044,3.0,46.2,18.2,1
EMP02454,Marketing,Marketing Executive,2,2019-02-18,,91.4,6.68,0.955,,41.4,2.7,0
EMP02455,Customer Support,Support Agent,1,2026-01-29,,8.0,4.19,1.048,4.0,43.4,10.8,0
EMP02456,Customer Support,Support Agent,2,2023-08-14,,37.6,5.36,0.766,4.0,38.2,0.0,0
EMP02457,Customer Support,Team Lead - Support,2,2016-04-29,,125.0,7.24,1.034,5.0,45.4,21.9,0
EMP02458,Engineering,Data Engineer,4,2024-06-06,2026-04-21,22.5,23.07,1.153,5.0,40.0,0.5,1
EMP02459,Engineering,DevOps Engineer,2,2017-06-01,,112.0,6.9,0.985,3.0,,37.3,0
EMP02460,Customer Support,Support Specialist,2,2025-03-08,,18.8,5.51,0.787,2.0,41.7,4.7,0
EMP02461,Finance,Financial Analyst,2,2022-04-12,2024-03-16,23.1,6.65,0.95,2.0,41.7,8.9,1
EMP02462,Operations,Logistics Coordinator,3,2023-05-02,2025-03-25,22.8,13.84,1.154,4.0,52.7,56.2,1
EMP02463,Engineering,QA Engineer,2,2023-06-24,2026-05-06,34.4,7.22,1.031,2.0,43.6,13.3,1
EMP02464,Customer Support,Support Specialist,1,2025-01-06,2025-10-15,9.3,3.32,0.83,3.0,43.0,10.0,1
EMP02465,Engineering,Data Engineer,4,2024-08-10,,25.7,25.68,1.284,3.0,47.6,28.3,0
EMP02466,Operations,Logistics Coordinator,2,2021-10-23,,59.2,5.95,0.85,3.0,35.0,0.0,0
EMP02467,Marketing,Content Specialist,2,2019-05-25,2025-10-21,76.9,6.8,0.971,3.0,48.6,32.8,1
EMP02468,Customer Support,Support Specialist,1,2016-02-09,,127.7,3.5,0.876,,49.5,32.8,0
EMP02469,Customer Support,Support Agent,2,2021-11-28,,58.1,6.13,0.876,3.0,47.4,25.2,0
EMP02470,Sales,Sales Executive,3,2019-09-06,2026-06-24,81.6,11.35,0.946,4.0,,0.0,1
EMP02471,Sales,Sales Executive,4,2023-01-12,2024-08-09,18.9,21.53,1.076,2.0,43.8,19.0,1
EMP02472,Finance,Financial Analyst,1,2019-11-20,,82.3,4.62,1.155,4.0,37.3,0.0,0
EMP02473,Operations,Process Specialist,5,2026-05-17,,4.5,30.52,0.954,3.0,48.1,33.1,0
EMP02474,Customer Support,Team Lead - Support,3,2023-04-06,2023-08-05,4.0,10.55,0.879,3.0,49.7,35.8,1
EMP02475,Sales,Business Development Rep,1,2020-11-09,,70.7,4.23,1.057,5.0,46.7,25.5,0
EMP02476,Engineering,Software Engineer,1,2024-09-28,,24.0,4.24,1.061,5.0,39.6,0.0,0
EMP02477,Engineering,Data Engineer,1,2022-11-29,,46.0,4.12,1.029,4.0,51.7,42.2,0
EMP02478,Engineering,Data Engineer,4,2023-06-06,,39.8,20.66,1.033,4.0,43.8,16.0,0
EMP02479,Sales,Account Manager,1,2023-08-31,2023-11-27,2.9,3.95,0.986,3.0,53.1,54.0,1
EMP02480,HR,HR Generalist,2,2025-12-08,,9.7,7.08,1.012,3.0,44.2,22.7,0
EMP02481,Customer Support,Support Specialist,3,2019-05-21,2023-02-23,45.1,11.74,0.978,2.0,47.3,29.0,1
EMP02482,Engineering,DevOps Engineer,4,2020-08-10,,73.7,22.57,1.128,4.0,42.9,7.5,0
EMP02483,Engineering,Data Engineer,3,2018-09-12,,96.6,15.21,1.267,4.0,51.3,44.8,0
EMP02484,Sales,Account Manager,3,2024-01-15,2026-02-14,25.0,12.26,1.022,5.0,47.7,30.0,1
EMP02485,Marketing,Content Specialist,1,2026-07-14,,2.6,4.0,0.999,4.0,49.5,36.5,0
EMP02486,Sales,Account Manager,4,2025-01-26,2026-03-08,13.3,20.61,1.031,3.0,45.8,24.2,1
EMP02487,Marketing,Marketing Executive,1,2023-06-08,2023-07-15,1.2,3.68,0.921,2.0,42.8,7.6,1
EMP02488,Marketing,Content Specialist,1,2025-10-29,,11.0,4.37,1.092,2.0,45.7,23.2,0
EMP02489,Engineering,Software Engineer,5,2020-09-10,2025-12-27,63.5,33.69,1.053,3.0,51.5,48.0,1
EMP02490,Customer Support,Team Lead - Support,1,2017-07-24,,110.2,3.8,0.95,4.0,49.6,42.7,0
EMP02491,HR,HR Business Partner,1,2026-04-30,,5.0,4.43,1.108,2.0,43.6,15.3,0
EMP02492,Sales,Account Manager,3,2024-07-29,2026-02-14,18.6,12.03,1.002,4.0,36.6,0.0,1
EMP02493,Engineering,QA Engineer,2,2026-01-05,,8.8,6.19,0.884,3.0,48.6,33.1,0
EMP02494,HR,HR Business Partner,1,2017-12-24,2023-08-02,67.3,4.17,1.042,3.0,36.5,0.0,1
EMP02495,Finance,Financial Analyst,2,2017-09-09,,108.7,7.2,1.028,,43.2,16.8,0
EMP02496,Customer Support,Team Lead - Support,3,2026-03-25,,6.2,13.38,1.115,3.0,44.5,13.9,0
EMP02497,Customer Support,Support Specialist,3,2020-10-07,,71.8,13.2,1.1,4.0,38.6,0.0,0
EMP02498,Engineering,Software Engineer,1,2019-11-05,,82.8,3.95,0.987,,46.7,30.2,0
EMP02499,Marketing,Marketing Executive,2,2025-08-12,2026-03-22,7.3,6.6,0.943,3.0,52.7,50.2,1
EMP02500,Customer Support,Support Agent,3,2020-05-23,2025-01-28,56.2,12.0,1.0,1.0,43.6,13.5,1
EMP02501,Engineering,DevOps Engineer,1,2023-05-23,2025-11-30,30.3,4.17,1.044,3.0,48.4,32.8,1
EMP02502,Operations,Logistics Coordinator,1,2024-03-19,,30.4,4.23,1.058,4.0,53.6,54.8,0
EMP02503,HR,Recruiter,1,2024-07-21,,26.3,4.14,1.036,5.0,46.9,30.9,0
EMP02504,Marketing,Marketing Executive,2,2019-08-07,2023-12-22,52.5,6.92,0.989,4.0,40.1,3.2,1
EMP02505,Engineering,Data Engineer,1,2018-09-20,,96.3,4.48,1.12,2.0,46.1,24.4,0
EMP02506,Engineering,QA Engineer,3,2018-10-12,2023-09-13,59.0,11.03,0.919,5.0,47.2,32.1,1
EMP02507,HR,HR Business Partner,5,2018-09-22,,96.3,41.52,1.298,2.0,49.5,39.0,0
EMP02508,HR,Recruiter,1,2023-08-31,2024-09-23,12.8,4.37,1.092,1.0,48.5,36.6,1
EMP02509,Customer Support,Support Specialist,3,2019-08-06,2023-03-08,43.0,10.38,0.865,4.0,32.5,0.0,1
EMP02510,Operations,Logistics Coordinator,1,2026-04-23,,5.3,4.09,1.022,4.0,39.1,1.6,0
EMP02511,Sales,Sales Executive,1,2019-04-26,,89.2,4.37,1.093,5.0,44.7,19.5,0
EMP02512,Sales,Sales Executive,3,2019-06-28,2025-02-21,67.8,11.5,0.958,4.0,40.4,0.0,1
EMP02513,Engineering,QA Engineer,2,2025-11-08,,10.7,5.74,0.821,3.0,32.0,0.0,0
EMP02514,Engineering,Data Engineer,4,2025-05-05,,16.9,17.51,0.875,2.0,41.7,6.8,0
EMP02515,Engineering,Software Engineer,2,2025-03-11,,18.7,7.46,1.065,2.0,45.0,18.8,0
EMP02516,Marketing,Content Specialist,1,2018-11-13,,94.6,3.16,0.789,3.0,40.6,0.6,0
EMP02517,Engineering,DevOps Engineer,2,2023-08-19,,37.4,5.78,0.826,3.0,40.5,3.3,0
EMP02518,Engineering,DevOps Engineer,1,2025-10-12,,11.6,4.26,1.064,2.0,45.2,18.1,0
EMP02519,Customer Support,Support Specialist,4,2023-01-08,,44.7,19.47,0.973,3.0,46.5,24.3,0
EMP02520,Engineering,Software Engineer,3,2017-02-21,,115.3,11.0,0.917,3.0,42.9,9.9,0
EMP02521,Engineering,Software Engineer,2,2016-01-12,,128.6,6.58,0.941,4.0,51.2,43.9,0
EMP02522,Customer Support,Support Specialist,2,2018-12-13,2025-03-29,75.5,5.76,0.824,3.0,45.3,19.7,1
EMP02523,Sales,Business Development Rep,3,2025-08-27,,13.1,12.7,1.058,3.0,41.1,7.0,0
EMP02524,Customer Support,Support Agent,3,2021-05-29,2026-01-12,55.5,10.84,0.903,3.0,39.9,0.4,1
EMP02525,Finance,Payroll Specialist,1,2026-08-02,,1.9,3.74,0.936,3.0,42.0,9.2,0
EMP02526,Engineering,DevOps Engineer,1,2025-01-29,,20.0,4.17,1.042,3.0,50.0,41.8,0
EMP02527,Finance,Accountant,1,2020-11-02,,70.9,3.88,0.969,1.0,39.3,0.0,0
EMP02528,Finance,Financial Analyst,2,2025-06-13,2025-10-30,4.6,6.41,0.915,5.0,45.7,19.7,1
EMP02529,Marketing,Marketing Executive,2,2023-07-01,2023-08-23,1.7,5.33,0.761,4.0,43.4,19.0,1
EMP02530,Customer Support,Team Lead - Support,1,2018-09-25,,96.2,4.18,1.044,3.0,54.0,58.8,0
EMP02531,Customer Support,Support Specialist,2,2024-05-10,2026-04-30,23.7,7.07,1.009,3.0,46.8,32.0,1
EMP02532,Customer Support,Support Agent,2,2026-07-07,,2.8,6.57,0.938,3.0,41.9,10.7,0
EMP02533,Operations,Operations Analyst,1,2024-12-14,,21.5,3.5,0.876,2.0,46.3,23.8,0
EMP02534,Engineering,DevOps Engineer,4,2024-04-08,,29.7,20.03,1.002,2.0,48.5,27.0,0
EMP02535,HR,HR Generalist,2,2024-01-07,,32.8,7.4,1.058,5.0,41.2,1.1,0
EMP02536,Customer Support,Support Agent,2,2025-09-17,2026-09-16,12.0,7.08,1.012,3.0,39.8,1.1,1
EMP02537,Marketing,Marketing Executive,2,2023-10-12,,35.6,8.38,1.197,2.0,45.4,21.3,0
EMP02538,Sales,Account Manager,2,2016-06-07,2023-10-20,88.4,7.59,1.085,4.0,45.3,19.9,1
EMP02539,Engineering,DevOps Engineer,4,2018-10-14,,95.5,19.74,0.987,3.0,38.2,0.0,0
EMP02540,Customer Support,Support Specialist,2,2024-07-28,,26.1,7.62,1.089,3.0,46.1,24.4,0
EMP02541,Customer Support,Support Agent,2,2024-06-12,2026-05-18,23.2,7.04,1.006,3.0,42.1,5.2,1
EMP02542,Sales,Account Manager,4,2019-05-09,,88.7,20.11,1.005,2.0,38.2,0.0,0
EMP02543,Sales,Business Development Rep,3,2018-02-05,,103.8,13.87,1.156,2.0,43.4,16.2,0
EMP02544,Engineering,Software Engineer,3,2023-04-03,2026-05-22,37.6,10.71,0.892,5.0,50.8,40.1,1
EMP02545,Customer Support,Support Agent,1,2018-08-01,2025-05-23,81.7,4.01,1.003,3.0,50.4,38.8,1
EMP02546,Sales,Sales Executive,1,2023-07-18,2024-05-26,10.3,4.57,1.143,4.0,49.3,37.8,1
EMP02547,HR,HR Business Partner,3,2024-12-21,,21.3,12.44,1.037,1.0,44.2,19.4,0
EMP02548,Engineering,Software Engineer,2,2026-06-05,,3.8,6.69,0.956,4.0,47.7,29.6,0
EMP02549,Sales,Account Manager,3,2023-11-26,2026-06-15,30.6,9.54,0.795,3.0,45.4,26.0,1
EMP02550,Sales,Business Development Rep,3,2023-04-02,2024-09-17,17.5,8.73,0.728,3.0,40.0,0.0,1
EMP02551,Customer Support,Support Specialist,1,2022-07-15,2025-06-01,34.6,5.0,1.249,3.0,40.9,0.0,1
EMP02552,Customer Support,Support Specialist,1,2016-05-31,2025-08-15,110.5,4.15,1.037,3.0,42.3,4.6,1
EMP02553,Operations,Operations Analyst,2,2023-06-18,,39.4,6.51,0.93,1.0,49.3,32.2,0
EMP02554,HR,HR Generalist,1,2025-10-06,,11.8,4.17,1.042,1.0,47.8,32.2,0
EMP02555,Sales,Sales Executive,3,2025-07-25,2026-07-10,11.5,10.64,0.886,4.0,40.1,0.0,1
EMP02556,Operations,Process Specialist,3,2021-05-01,,65.0,11.52,0.96,2.0,43.2,8.6,0
EMP02557,Engineering,Software Engineer,2,2016-12-19,2025-04-25,100.2,6.21,0.887,1.0,43.2,13.9,1
EMP02558,Engineering,Software Engineer,3,2023-12-16,2024-04-12,3.9,9.96,0.83,4.0,44.3,19.7,1
EMP02559,Sales,Business Development Rep,2,2025-09-09,2026-05-21,8.3,5.23,0.747,3.0,42.6,13.6,1
EMP02560,Engineering,QA Engineer,3,2020-12-12,,69.6,9.7,0.808,3.0,51.3,47.8,0
EMP02561,Customer Support,Support Specialist,1,2023-09-28,,36.1,4.49,1.123,4.0,44.9,16.8,0
EMP02562,Operations,Process Specialist,3,2024-11-09,2025-07-06,7.9,10.58,0.882,4.0,44.0,16.8,1
EMP02563,Operations,Logistics Coordinator,3,2024-08-15,,25.5,12.77,1.064,1.0,44.0,17.5,0
EMP02564,Customer Support,Team Lead - Support,1,2024-12-26,,21.1,4.46,1.115,3.0,40.4,0.2,0
EMP02565,Customer Support,Support Specialist,2,2022-04-12,,53.6,7.01,1.002,3.0,45.5,22.5,0
EMP02566,Sales,Business Development Rep,4,2023-04-22,2024-02-29,10.3,19.28,0.964,3.0,49.8,35.4,1
EMP02567,Engineering,Data Engineer,1,2024-10-14,,23.5,4.06,1.016,4.0,51.6,44.5,0
EMP02568,Engineering,QA Engineer,3,2025-02-24,2025-03-03,0.2,11.4,0.95,5.0,39.8,0.3,1
EMP02569,Operations,Operations Analyst,4,2016-05-10,,124.7,22.89,1.144,2.0,36.2,0.0,0
EMP02570,Product,UX Designer,4,2026-07-27,,2.1,24.5,1.225,2.0,43.3,16.7,0
EMP02571,Engineering,Software Engineer,2,2026-03-29,,6.1,8.22,1.174,4.0,50.0,42.0,0
EMP02572,Customer Support,Support Agent,2,2026-08-27,,1.1,5.19,0.742,3.0,46.6,26.6,0
EMP02573,Operations,Logistics Coordinator,5,2018-10-14,,95.5,30.32,0.948,4.0,46.1,24.2,0
EMP02574,Marketing,Digital Marketer,2,2025-01-07,,20.7,7.0,1.0,2.0,36.9,0.0,0
EMP02575,Customer Support,Support Agent,1,2016-11-21,,118.3,4.22,1.056,1.0,42.4,7.1,0
EMP02576,Customer Support,Team Lead - Support,1,2024-04-28,2024-10-02,5.2,3.17,0.793,3.0,35.1,0.0,1
EMP02577,Operations,Process Specialist,3,2021-10-11,2023-02-02,15.7,9.49,0.791,5.0,42.4,11.3,1
EMP02578,Finance,Payroll Specialist,2,2026-06-23,,3.3,8.1,1.157,2.0,33.3,0.0,0
EMP02579,Engineering,QA Engineer,1,2017-04-26,2024-05-08,84.4,3.73,0.933,4.0,51.0,46.2,1
EMP02580,HR,HR Generalist,2,2016-05-22,2024-11-06,101.5,5.75,0.822,3.0,50.0,43.5,1
EMP02581,Engineering,DevOps Engineer,3,2023-02-13,2025-02-23,24.3,10.41,0.868,1.0,45.6,22.6,1
EMP02582,Marketing,Marketing Executive,2,2016-07-10,,122.7,7.33,1.047,3.0,36.2,0.0,0
EMP02583,Engineering,Data Engineer,4,2026-07-03,,2.9,18.03,0.901,3.0,46.7,26.7,0
EMP02584,Engineering,DevOps Engineer,3,2025-02-12,2025-12-01,9.6,12.35,1.029,3.0,53.4,51.4,1
EMP02585,Engineering,QA Engineer,5,2026-05-08,,4.8,28.24,0.883,3.0,47.1,30.4,0
EMP02586,Sales,Account Manager,4,2021-09-05,,60.8,15.81,0.791,3.0,50.3,40.1,0
EMP02587,Sales,Business Development Rep,1,2026-02-11,2026-08-15,6.1,4.68,1.171,3.0,42.8,10.9,1
EMP02588,Engineering,DevOps Engineer,3,2017-05-08,,112.8,12.57,1.048,4.0,41.1,6.5,0
EMP02589,Sales,Business Development Rep,1,2024-04-13,2024-07-30,3.5,3.84,0.96,5.0,44.7,16.6,1
EMP02590,Sales,Business Development Rep,5,2020-11-06,,70.8,30.0,0.937,3.0,36.3,0.0,0
EMP02591,Marketing,Digital Marketer,1,2016-04-24,2023-04-30,84.2,4.7,1.176,3.0,53.2,48.8,1
EMP02592,Finance,Financial Analyst,3,2025-04-25,,17.2,12.85,1.071,5.0,43.6,15.3,0
EMP02593,Operations,Process Specialist,4,2019-07-07,,86.8,22.75,1.138,2.0,46.9,27.3,0
EMP02594,Engineering,QA Engineer,1,2023-07-22,2026-09-19,37.9,3.72,0.93,4.0,42.9,14.1,1
EMP02595,Sales,Sales Executive,4,2023-04-21,,41.3,20.12,1.006,3.0,38.1,0.0,0
EMP02596,Finance,Financial Analyst,1,2016-08-20,,121.3,4.19,1.048,4.0,49.4,33.0,0
EMP02597,Engineering,Data Engineer,2,2022-12-30,2023-12-28,11.9,6.54,0.934,3.0,39.9,1.9,1
EMP02598,Sales,Sales Executive,2,2023-09-10,,36.7,6.92,0.989,3.0,,25.2,0
EMP02599,HR,Recruiter,2,2024-06-12,,27.6,6.51,0.93,3.0,45.0,19.7,0
EMP02600,HR,HR Generalist,2,2025-08-16,2025-12-02,3.5,7.34,1.048,1.0,43.3,11.2,1
EMP01594,Sales,Sales Executive,2,2025-07-03,,14.9,5.7,0.815,3.0,43.9,15.3,0
EMP00197,Customer Support,Team Lead - Support,2,2016-11-01,2023-07-25,80.7,6.45,0.922,3.0,51.4,45.4,1
EMP00240,Engineering,DevOps Engineer,3,2022-03-20,2026-04-09,48.7,13.58,1.132,3.0,50.1,37.3,1
EMP02127,Sales,Sales Executive,1,2026-04-25,,5.2,3.91,0.978,3.0,49.5,43.3,0
EMP01588,Customer Support,Support Agent,1,2017-09-06,2025-09-06,96.0,3.56,0.891,4.0,46.5,23.1,1
